timestamp,face_detected,avg_norm_x,avg_norm_y,screen_x,screen_y,current_text,text_length
1778096280.492438,1,0.189035192574726,-1.1306814668131104,483,-1628,None,0
1778096280.679724,1,0.15463789861344845,-0.16249996708333939,395,-233,None,0
1778096280.7590442,1,0.3423292892718143,-0.0426136314243291,876,-61,None,0
1778096280.799037,1,0.3578457893744993,-0.055555551697531104,916,-79,None,0
1778096280.880752,1,0.3814374853513962,-0.09545453518595151,976,-137,None,0
1778096280.9215739,1,0.3724662125447977,-0.034090904097796776,953,-49,None,0
1778096280.962443,1,0.4090460481396079,-0.11249998354166879,1047,-161,None,0
1778096281.0032158,1,0.4153238691283996,-0.1709401387975793,1063,-246,None,0
1778096281.043301,1,0.3964206484152861,-0.162698379031247,1014,-234,None,0
1778096281.085214,1,0.3611372149268556,-0.20312494921875807,924,-292,None,0
1778096281.125684,1,0.383664951300696,-0.03333331694444697,982,-47,None,0
1778096281.169919,1,0.4173519690819232,-0.0704364841663555,1068,-101,None,0
1778096281.2089758,1,0.4091302795499301,-0.2708332552083491,1047,-389,None,0
1778096281.2509592,1,0.4171794823156477,-0.1771977508906022,1067,-255,None,0
1778096281.289694,1,0.42574148321130845,-0.1359889687386867,1089,-195,None,0
1778096281.3328168,1,0.443856680129178,-0.42499987125002936,1136,-611,None,0
1778096281.372071,1,0.42593892090351404,-0.5965907057077003,1090,-859,None,0
1778096281.412974,1,0.45752251659083676,-0.4729165368403066,1171,-680,None,0
1778096281.5385,1,0.507762549790163,-1.416665828704137,1299,-2039,None,0
1778096281.5758631,1,0.4593918859325422,-1.6193172419942834,1176,-2331,None,0
1778096281.617787,1,0.4622824818899436,-1.6527768649696017,1183,-2379,None,0
1778096281.6998138,1,0.4311952745007014,-1.3928563635208095,1103,-2005,None,0
1778096281.740327,1,0.43432970468689847,-2.99999679166991,1111,-4319,None,0
1778096281.783243,1,0.42412172691951755,-0.7083330625000961,1085,-1019,None,0
1778096281.823719,1,0.37446078062786436,-0.8392854039116724,958,-1208,None,0
1778096281.863764,1,0.41815564321459164,-1.4749992175004,1070,-2123,None,0
1778096281.90518,1,0.38541666252367435,-0.6624998393750391,986,-953,None,0
1778096281.9452958,1,0.38005050098443405,-0.5437498803125267,972,-782,None,0
1778096282.030187,1,0.4608483252931247,-1.0416662569446122,1179,-1499,None,0
1778096282.0699599,1,0.403571423822606,-1.1666662777779073,1033,-1679,None,0
1778096282.110859,1,0.4042366898447697,-0.624999843750039,1034,-899,None,0
1778096282.150809,1,0.39293451623409903,-1.0520829800348406,1005,-1514,None,0
1778096282.193554,1,0.40032679258454484,-1.9124989987505094,1024,-2753,None,0
1778096282.2344499,1,0.40469207690601516,-4874999.791666701,1036,-7019999700,None,0
1778096282.275371,1,0.3742424200367309,-4249999.625000187,958,-6119999460,None,0
1778096282.316118,1,0.4140151466752756,0.6458330659723199,1059,929,None,0
1778096282.3567638,1,0.34160019656450014,0.6249998281250456,874,899,None,0
1778096282.397911,1,0.32895767733392045,-0.22916653298616996,842,-329,None,0
1778096282.438803,1,0.3729121724824124,-0.7916661319447581,954,-1139,None,0
1778096282.480427,1,0.34031829897635246,-2.874996625003542,871,-4139,None,0
1778096282.5207381,1,0.35039787441009573,-2.8124967812534223,897,-4049,None,0
1778096282.560825,1,0.32911869196865084,-2.1249978750021254,842,-3059,None,0
1778096282.603443,1,0.3859649074547752,-2250000.0,988,-3240000000,None,0
1778096282.644311,1,0.40163437721969486,-3999998.750000625,1028,-5759998200,None,0
1778096282.685152,1,0.37438423185536607,-1.8124977187525158,958,-2609,None,0
1778096282.72684,1,0.3725754267701503,-1.9166645277799907,953,-2759,None,0
1778096282.767689,1,0.3879994478111841,-0.24999991666669444,993,-359,None,0
1778096282.8083992,1,0.3539746504121519,-0.5416664236112234,906,-779,None,0
1778096282.8498402,1,0.33662023130217955,-1125000.1249999583,861,-1620000179,None,0
1778096282.890759,1,0.3116883091546261,-0.9999991666674445,797,-1439,None,0
1778096282.9303958,1,0.32702019921691683,-750000.8749995625,837,-1080001259,None,0
1778096282.973013,1,0.374567968044637,-2.24999775000225,958,-3239,None,0
1778096283.013043,1,0.4264460453494089,-3999998.75000125,1091,-5759998200,None,0
1778096283.05459,1,0.40127257291899787,-3.187496156254172,1027,-4589,None,0
1778096283.0960581,1,0.39980158223837114,-4749999.041666986,1023,-6839998620,None,0
1778096283.136687,1,0.37677526713644327,-3.6666621944491853,964,-5279,None,0
1778096283.17755,1,0.408613741884837,-0.999999000001,1046,-1439,None,0
1778096283.218147,1,0.4454014936237344,-4999998.666667111,1140,-7199998080,None,0
1778096283.259617,1,0.4296063360832785,-5499998.541667153,1099,-7919997900,None,0
1778096283.30086,1,0.4555084672442069,-3.5624952187553913,1166,-5129,None,0
1778096283.341394,1,0.4021785967552274,-3.4999952500053757,1029,-5039,None,0
1778096283.382258,1,0.45244252172752364,-0.499999750000125,1158,-719,None,0
1778096283.423457,1,0.3919057326981934,-4.166661611116464,1003,-5999,None,0
1778096283.464405,1,0.36103110185723786,-1.8749981250018752,924,-2699,None,0
1778096283.505964,1,0.3616791433098677,-4999998.625000687,925,-7199998020,None,0
1778096283.557451,1,0.3485503911025212,-4999997.75000225,892,-7199996760,None,0
1778096283.587404,1,0.3367138331607977,-4624998.937500531,861,-6659998470,None,0
1778096283.756858,1,0.30183982438900436,-3.416662694448602,772,-4919,None,0
1778096283.836746,1,0.2939068077678644,-2.9999963333372226,752,-4319,None,0
1778096283.875378,1,0.3721823723886598,-4124998.25000175,952,-5939997480,None,0
1778096283.996355,1,0.38945210861939916,-3.333329638892704,996,-4799,None,0
1778096284.035597,1,0.3409565542913432,-1.4583325138893286,872,-2099,None,0
1778096284.081247,1,0.3151726943500833,-1.3749992031254257,806,-1979,None,0
1778096284.11984,1,0.28114697619676243,-1.437499203125418,719,-2069,None,0
1778096284.1605709,1,0.3825855571196156,-3.7249959550041094,979,-5363,None,0
1778096284.202215,1,0.3224206317692586,-1.3749992500003958,825,-1979,None,0
1778096284.282905,1,0.3458381297713422,-1.4499991850004255,885,-2087,None,0
1778096284.324863,1,0.3737973920537947,-0.6499997366667638,956,-935,None,0
1778096284.365021,1,0.3387096736844063,-0.5416664861111713,867,-779,None,0
1778096284.406893,1,0.31546920523170163,-0.6249997416667628,807,-899,None,0
1778096284.446808,1,0.3147321398588081,-0.6979164053820386,805,-1004,None,0
1778096284.487722,1,0.28399725086162975,-0.7499997291667622,727,-1079,None,0
1778096284.529203,1,0.3030133903845962,-0.5937497682292523,775,-854,None,0
1778096284.5830379,1,0.36169266115495013,-1.3437492578128887,925,-1934,None,0
1778096284.652935,1,0.3646717555472724,-0.6666664236111973,933,-959,None,0
1778096284.6941812,1,0.34889306210187476,-0.3437499140625214,893,-494,None,0
1778096284.7340648,1,0.35735452182859595,-0.6583330738889832,914,-947,None,0
1778096284.7765582,1,0.2754971574476812,-0.7291663975695406,705,-1049,None,0
1778096284.816195,1,0.28961038739566347,-0.406249885937531,741,-584,None,0
1778096284.8577018,1,0.2787286914648539,-0.7083330555556551,713,-1019,None,0
1778096284.899253,1,0.3002232118368344,-0.7499997083334375,768,-1079,None,0
1778096284.939929,1,0.359991772496161,0.4999996666668611,921,719,None,0
1778096284.9795232,1,0.35090125055204924,0.06250009374992188,898,90,Get Help,8
1778096285.122498,1,0.3131289279454186,-0.31250028124942175,801,-450,None,0
1778096285.231636,1,0.3801961310427554,-0.9583328472225509,973,-1379,None,0
1778096285.443028,1,0.3508064476828453,-1.4583325763892765,898,-2099,None,0
1778096285.4725802,1,0.3112599176828428,-0.47499987375003305,796,-683,None,0
1778096285.51357,1,0.36297274271920765,-0.4374998906250273,929,-629,None,0
1778096285.5961049,1,0.3801310863993316,-1.1666660694447477,973,-1679,None,0
1778096285.636528,1,0.40482915788561813,-0.8749997083334305,1036,-1259,None,0
1778096285.677964,1,0.40960451426641076,-0.35624990218752617,1048,-512,None,0
1778096285.717304,1,0.3866995025545593,-0.624999770833415,989,-899,None,0
1778096285.759474,1,0.4045467131060605,-0.708333097222301,1035,-1019,None,0
1778096285.800333,1,0.42687260185850606,-0.24999993750001565,1092,-359,None,0
1778096285.8410969,1,0.41518353161234045,-0.5833331388889537,1062,-839,None,0
1778096285.8837419,1,0.37824985847202164,-0.7187497473959208,968,-1034,None,0
1778096285.9249542,1,0.361230941436511,-0.6979164262153599,924,-1004,None,0
1778096285.9661179,1,0.3166248922319723,-0.3124999406250111,810,-449,None,0
1778096286.006019,1,0.2854588371927185,-0.5666664644445145,730,-815,None,0
1778096286.047766,1,0.3042077822617484,-0.19999996000000803,778,-287,None,0
1778096286.0882409,1,0.32543103099337656,-0.274999945000011,833,-395,None,0
1778096286.128034,1,0.3279902981843167,-0.23749995041667693,839,-341,None,0
1778096286.1706991,1,0.3324766962432345,-0.24999995000001,851,-359,None,0
1778096286.211901,1,0.3429618934352002,-0.5208331961805921,877,-749,None,0
1778096286.252213,1,0.3575565692357484,-0.21874995781250803,915,-314,None,0
1778096286.293772,1,0.3415227487460929,-0.2999999337500148,874,-431,None,0
1778096286.3357708,1,0.3791383653813055,-0.2812499421875119,970,-404,None,0
1778096286.375325,1,0.31305803307980895,-0.24999995000001002,801,-359,None,0
1778096286.4176278,1,0.36758562653570725,-0.49999986666670443,941,-719,None,0
1778096286.457898,1,0.3500548209685762,-0.331249932187514,896,-476,None,0
1778096286.4980428,1,0.338096813571377,-0.3312499134375224,865,-476,None,0
1778096286.53986,1,0.32713130161516235,-0.3062499184375214,837,-440,None,0
1778096286.581175,1,0.40045789479759286,-0.18750004687494137,1025,-270,None,0
1778096286.621382,1,0.40531608575364975,0.9374987343763477,1037,1349,None,0
1778096286.663237,1,0.4135775798700704,0.43749923437584776,1058,629,Notes from a Writer's Desk,26
1778096286.704662,1,0.4010964854010851,-5.833325554815971e-07,1026,0,Give,4
1778096286.746148,1,0.41350727874164594,0.4166656944456021,1058,599,Notes from a Writer's Desk,26
1778096286.785203,1,0.37090163441432455,0.3749991250010417,949,539,None,0
1778096286.82724,1,0.43195620776051147,-7.499988747827757e-07,1105,0,None,0
1778096286.870871,1,0.37762438379071683,-6.249990622819723e-07,966,0,Apply,5
1778096286.90835,1,0.36885245412004886,749999.1666669444,944,1079998800,None,0
1778096286.94839,1,0.37263625758722163,999999.1666669444,953,1439998800,None,0
1778096287.032078,1,0.37295081470860025,749999.0416669861,954,1079998620,None,0
1778096287.072,1,0.3282690056924702,0.33333238889003725,840,479,None,0
1778096287.113636,1,0.415323694751641,-0.2499998750000625,1063,-359,None,0
1778096287.1538508,1,0.473744870333476,0.8749995625002187,1212,1259,None,0
1778096287.195483,1,0.4121059214564069,0.29166675694432054,1054,420,Reading Between the Leaves: The Importance of Being a Good Reader,65
1778096287.236066,1,0.3887543667129316,-1.3749981250021253,995,-1979,None,0
1778096287.276713,1,0.35671082550637156,-2.124997875002125,913,-3059,None,0
1778096287.319024,1,0.3509314417040095,-1.0624994687502656,898,-1529,None,0
1778096287.3583,1,0.374085182701122,-0.7499999999996249,957,-1079,None,0
1778096287.3990898,1,0.3936011851093042,-0.6666666111109629,1007,-959,None,0
1778096287.5685241,1,0.3716751510386692,-0.4374998906250273,951,-629,None,0
1778096287.607747,1,0.2803622141724138,-0.30208327170139965,717,-434,None,0
1778096287.6467588,1,0.32390872702802187,-0.4687498828125293,829,-674,None,0
1778096287.686916,1,0.3066406224757603,-0.406249908854186,784,-584,None,0
1778096287.727795,1,0.3329906765236096,-0.583333180555596,852,-839,None,0
1778096287.7737758,1,0.3321114336929507,-0.37499995312498824,850,-539,None,0
1778096287.809124,1,0.33102452812095406,-0.34374997656247464,847,-494,None,0
1778096287.8497322,1,0.36002303741137154,-0.43749991145834854,921,-629,None,0
1778096287.891128,1,0.36895160868050414,-0.34374997656247464,944,-494,None,0
1778096287.974098,1,0.38264006312700405,-0.47916655381947026,979,-689,None,0
1778096288.056194,1,0.3557852925872361,-0.4895832248264113,910,-704,None,0
1778096288.096482,1,0.38368910305791415,-0.9999996250001458,982,-1439,None,0
1778096288.136755,1,0.3471422662063556,-0.5937498515625371,888,-854,None,0
1778096288.177734,1,0.3885115967082965,-0.4895832248264113,994,-704,None,0
1778096288.2182882,1,0.3863186142906295,-0.424999915000017,988,-611,None,0
1778096288.260106,1,0.3883347432903693,-0.7708330607639835,994,-1109,None,0
1778096288.302211,1,0.4120550555974397,-0.8541663715278813,1054,-1229,None,0
1778096288.342546,1,0.3751346939610901,-0.6249997812500755,960,-899,None,0
1778096288.3829079,1,0.37631732551840535,-0.43749989062502737,963,-629,None,0
1778096288.424523,1,0.43492085291673765,-0.7499997500000832,1113,-1079,None,0
1778096288.465384,1,0.41332326153375176,-0.6666664444445185,1058,-959,None,0
1778096288.508182,1,0.4326596884577435,-0.7499997500000832,1107,-1079,None,0
1778096288.5472,1,0.42824335162211435,-0.6666664444445185,1096,-959,None,0
1778096288.587544,1,0.43048244981975226,-0.7083330868056402,1102,-1019,None,0
1778096288.629163,1,0.38524589678753796,-0.7708330711806441,986,-1109,None,0
1778096288.7092412,1,0.3853636057984523,-0.7916664027778657,986,-1139,None,0
1778096288.7501,1,0.43297766470482124,-0.843749705729268,1108,-1214,None,0
1778096288.79114,1,0.39166666132936523,-0.7249997550000823,1002,-1043,None,0
1778096288.833455,1,0.39634315373020623,-0.6874997673611892,1014,-989,None,0
1778096288.8741639,1,0.38668391770816724,-0.4062498984375254,989,-584,None,0
1778096288.914888,1,0.3771222363815657,-0.49999987500003124,965,-719,None,0
1778096288.956328,1,0.3686694919103246,-0.324999935000013,943,-467,None,0
1778096288.997099,1,0.38625251133799343,-0.4062498984375254,988,-584,None,0
1778096289.0389729,1,0.35993208387608433,-0.32499991625002145,921,-467,None,0
1778096289.07973,1,0.41247218572812505,-0.4562498884375274,1055,-656,None,0
1778096289.121346,1,0.43896937585694507,-0.374999925000015,1123,-539,None,0
1778096289.16307,1,0.38420223932992037,-0.45833321527780785,983,-659,None,0
1778096289.203876,1,0.4140711845971795,-0.349999930000014,1060,-503,None,0
1778096289.247634,1,0.38119611627669014,-0.3958332309028039,975,-569,None,0
1778096289.287095,1,0.37964708612151266,-0.399999920000016,971,-575,None,0
1778096289.3266912,1,0.4215092759822082,-0.4687498828125293,1079,-674,None,0
1778096289.366633,1,0.39299397426046223,-0.349999930000014,1006,-503,None,0
1778096289.4080262,1,0.35639391077339255,-0.349999930000014,912,-503,None,0
1778096289.45019,1,0.36601921051314246,-0.33333324652780005,937,-479,None,0
1778096289.490623,1,0.3726427758721932,-0.49374987781253027,953,-710,None,0
1778096289.530729,1,0.37028555608840563,-0.349999930000014,947,-503,None,0
1778096289.571616,1,0.39532019206109914,-0.3166666005555692,1012,-455,None,0
1778096289.612821,1,0.4351328370814562,-0.43749988541669615,1113,-629,None,0
1778096289.654098,1,0.3910098473078292,-0.5208331996528117,1000,-749,None,0
1778096289.69462,1,0.46735443064862137,-0.8333330555556481,1196,-1199,None,0
1778096289.736035,1,0.4093144510490382,-1.0624994687502656,1047,-1529,None,0
1778096289.7768588,1,0.4374999937340359,-0.8749995625002187,1119,-1259,None,0
1778096289.817594,1,0.4208333277967172,-1.0624994687502656,1077,-1529,None,0
1778096289.8592598,1,0.4381091550909304,-1.0416660902780843,1121,-1499,None,0
1778096289.900365,1,0.45797443033983554,-0.45833318055560646,1172,-659,None,0
1778096289.940864,1,0.39010327746964046,-0.2708332743055596,998,-389,None,0
1778096289.982133,1,0.3666474612213708,-0.20833332638885993,938,-299,None,0
1778096290.0225668,1,0.38539955729793474,-0.5416664861111713,986,-779,None,0
1778096290.064381,1,0.38808714846990067,-0.5416664861111713,993,-779,None,0
1778096290.146722,1,0.4102315158089389,-0.8333328888892036,1050,-1199,None,0
1778096290.186673,1,0.4124244982266059,-0.3437500078124043,1055,-495,None,0
1778096290.227165,1,0.3242424214255104,-0.9166661111115464,830,-1319,None,0
1778096290.3116748,1,0.32190859939773064,-0.5083331872222663,824,-731,None,0
1778096290.350519,1,0.2799101498250798,-0.46874988906252646,716,-674,None,0
1778096290.390982,1,0.2793670100038934,-0.41874989906252447,715,-602,None,0
1778096290.4326699,1,0.2622251147446284,-0.27916661847223057,671,-401,None,0
1778096290.4739661,1,0.3224206318046896,-0.3187499440625092,825,-458,None,0
1778096290.513878,1,0.2583916073407013,-0.12499997916667013,661,-179,None,0
1778096290.557076,1,0.24825498527995893,-0.3437499140625215,635,-494,None,0
1778096290.5985,1,0.2636718739544903,-0.2687499353125157,674,-386,None,0
1778096290.639178,1,0.24287749247794266,-0.099999980000004,621,-143,None,0
1778096290.680023,1,0.24287749247794266,-0.099999980000004,621,-143,None,0
1778096290.721318,1,0.25853587865097394,-0.3437499140625215,661,-494,None,0
1778096290.761271,1,0.24999999916811344,-0.23958326996529417,639,-344,None,0
1778096290.802828,1,0.20312500088266217,-0.24999995000001002,520,-359,None,0
1778096290.843749,1,0.23502545627045435,-0.24999995000001,601,-359,None,0
1778096290.923784,1,0.3040376414801673,-0.12499997916667013,778,-179,None,0
1778096290.965397,1,0.2803977255703609,-0.16249997791666934,717,-233,None,0
1778096291.006127,1,0.2645502632047676,-0.16666663888889352,677,-239,None,0
1778096291.047661,1,0.3184523779348545,-0.007142868979587574,815,-10,None,0
1778096291.08879,1,0.23205128187632384,-0.08749999291666635,594,-125,None,0
1778096291.172645,1,0.22125589633344922,-0.06249998958333508,566,-89,None,0
1778096291.2117949,1,0.2807173278322834,-0.19166662138889912,718,-275,None,0
1778096291.297465,1,0.2799422779124996,-0.1541666226388999,716,-221,None,0
1778096291.337409,1,0.241608795642408,-0.03333333777777503,618,-48,None,0
1778096291.37681,1,0.19622641592025625,-0.058333332777776026,502,-83,None,0
1778096291.4186728,1,0.22526041628161764,-0.1249999791666701,576,-179,None,0
1778096291.459448,1,0.2605820092995017,-0.45624987593753297,667,-656,None,0
1778096291.50107,1,0.45598687150098105,0.7499992500007502,1167,1079,None,0
1778096291.541158,1,0.3023119097801261,500000.1874999062,773,720000269,None,0
1778096291.58126,1,0.27820512626423066,0.3124998437500781,712,449,Reading Between the Leaves: The Importance of Being a Good Reader,65
1778096291.622384,1,0.21212121228190983,-0.08333330555556481,543,-119,None,0
1778096291.663006,1,0.271205355316785,-0.09999990500005648,694,-143,None,0
1778096291.703997,1,0.2830296874751359,-0.24999980000011499,724,-359,None,0
1778096291.7448032,1,0.32727652115756545,-1874999.75000005,837,-2699999640,None,0
1778096291.78559,1,0.3191244206057944,-1.9791644618077981,816,-2849,None,0
1778096291.826568,1,0.3292606481101983,-0.7916662013891331,842,-1139,None,0
1778096291.868213,1,0.324524766152384,-1.3958318506959417,830,-2009,None,0
1778096291.90946,1,0.3259698241127913,-0.7916662013891331,834,-1139,None,0
1778096291.9499462,1,0.30280290295664725,-1.37499852083483,775,-1979,None,0
1778096291.991215,1,0.27292663308878895,-0.7499995833335485,698,-1079,None,0
1778096292.031929,1,0.26099764215404364,-0.37499985416671877,668,-539,None,0
1778096292.072663,1,0.28029689400911706,-0.36666653777782204,717,-527,None,0
1778096292.114033,1,0.26255980710530147,-0.24999988888893052,672,-359,None,0
1778096292.155325,1,0.2734480412319402,-0.23958326996529417,700,-344,None,0
1778096292.195863,1,0.28683385356128577,-0.16666661805556887,734,-239,None,0
1778096292.237375,1,0.27292663308878895,-0.41666652777782404,698,-599,None,0
1778096292.278404,1,0.28741565231046984,-0.32499992250001863,735,-467,None,0
1778096292.319665,1,0.28498492078312077,-0.299999940000012,729,-431,None,0
1778096292.360679,1,0.280566799533293,-0.26874994156251286,718,-386,None,0
1778096292.444274,1,0.31539600963676895,-0.22916660763890392,807,-329,None,0
1778096292.4840488,1,0.2515948950169664,-0.06249998958333507,644,-89,None,0
1778096292.524408,1,0.25318979132978603,-0.14583330902778183,648,-209,None,0
1778096292.565584,1,0.24188640879115408,-0.10416664930555844,619,-149,None,0
1778096292.606422,1,0.2684958809992317,-0.10833331444444776,687,-155,None,0
1778096292.691112,1,0.2902188303191202,-0.07499998916666814,742,-107,None,0
1778096292.7294059,1,0.27494775134704263,-0.04166665972222339,703,-59,None,0
1778096292.770439,1,0.32020860157604514,-0.1624999612500088,819,-233,None,0
1778096292.811084,1,0.2846786811846509,-0.1220237866354917,728,-175,None,0
1778096292.852364,1,0.2407043719959827,-0.07440474482710102,616,-107,None,0
1778096292.893663,1,0.25757575616511996,-0.14999996583334088,659,-215,None,0
1778096292.9340138,1,0.3042763130297603,-0.2041666251388973,778,-293,None,0
1778096292.975322,1,0.3106100766697506,-0.12499997916667013,795,-179,None,0
1778096293.059844,1,0.29523026052690193,-0.17857138877551876,755,-257,None,0
1778096293.0990531,1,0.28709508657267735,-0.11428568938776038,734,-164,None,0
1778096293.1817758,1,0.26960188744495794,-0.26666661055556723,690,-383,None,0
1778096293.220844,1,0.28493991419604225,-0.3124999354166799,729,-449,None,0
1778096293.2615209,1,0.30915119074254727,-0.24999994285715532,791,-359,None,0
1778096293.303659,1,0.2996918308393737,-0.19999995062501102,767,-287,None,0
1778096293.3438048,1,0.31460234354349637,-0.16874996390625752,805,-242,None,0
1778096293.3841019,1,0.27449059360976125,-0.18749995312501172,702,-269,None,0
1778096293.426368,1,0.2965185649942217,-0.3333332517361312,759,-479,None,0
1778096293.466615,1,0.2661311371146131,-0.13392853220664327,681,-192,None,0
1778096293.50829,1,0.356089739356098,-0.24999993750001562,911,-359,None,0
1778096293.5490382,1,0.4271122264019821,-0.572916509548655,1093,-824,None,0
1778096293.5894039,1,0.4329178829023732,-0.37499991666668575,1108,-539,None,0
1778096293.630599,1,0.4517059490715495,-0.3999999075000216,1156,-575,None,0
1778096293.671754,1,0.47993103632931344,-0.6354164730903377,1228,-914,None,0
1778096293.7129018,1,0.47925204241636643,-0.4374998906250273,1226,-629,None,0
1778096293.754137,1,0.4762896757384576,-0.708333118055622,1219,-1019,None,0
1778096293.795106,1,0.4438959209203224,-0.6666664548611791,1136,-959,None,0
1778096293.8787389,1,0.47573001377657465,-0.5249998762500294,1217,-755,None,0
1778096293.918111,1,0.4973443151318504,-0.7083330972223009,1273,-1019,None,0
1778096293.959031,1,0.5491803188658965,-1.1666660555558657,1405,-1679,None,0
1778096293.999546,1,0.513216837966691,-0.35416657118058054,1313,-509,None,0
1778096294.041238,1,0.5539434433653726,-0.4374998906250273,1418,-629,None,0
1778096294.082371,1,0.5246995113735006,-0.27187493976563776,1343,-391,None,0
1778096294.12291,1,0.5248197036774657,-1.291665993055897,1343,-1859,None,0
1778096294.163844,1,0.584770461379442,-0.47321417123727294,1497,-681,None,0
1778096294.204709,1,0.5398995447811897,-0.624999798611177,1382,-899,None,0
1778096294.246238,1,0.5381324317106103,-0.7142854693878378,1377,-1028,None,0
1778096294.286434,1,0.555616596369005,-0.40624990885418766,1422,-584,None,0
1778096294.328005,1,0.5269230688165683,-1.05357087627579,1348,-1517,None,0
1778096294.369042,1,0.5845959496962776,-0.34821420248726515,1496,-501,None,0
1778096294.409536,1,0.5701622504985743,-0.7499997500000833,1459,-1079,None,0
1778096294.4503438,1,0.5365384532840239,-0.4062498945312768,1373,-584,None,0
1778096294.492142,1,0.5517191055302557,-0.18214281969388518,1412,-262,None,0
1778096294.533196,1,0.44352640978833613,-0.449999910000018,1135,-647,None,0
1778096294.5741801,1,0.4546356359071676,-0.22916662847222857,1163,-329,None,0
1778096294.615392,1,0.4591191003267677,-0.4642855943877856,1175,-668,None,0
1778096294.655949,1,0.3839001669588399,-0.4041665851389053,982,-581,None,0
1778096294.697491,1,0.35677860337415856,-0.26071422846939996,913,-375,None,0
1778096294.738087,1,0.4267573370722926,-0.458333220486139,1092,-659,None,0
1778096294.7787929,1,0.3357729808110881,-0.4062498850446735,859,-584,None,0
1778096294.820557,1,0.36952532008826977,-0.41071416007656525,945,-591,None,0
1778096294.861294,1,0.3636363596103076,-0.5401784172513168,930,-777,None,0
1778096294.946048,1,0.29403628206908494,-0.3749998794643197,752,-539,None,0
1778096294.9849348,1,0.35425646161926494,-0.3124998958333637,906,-449,None,0
1778096295.024801,1,0.3429418066166754,-0.9226186618482123,877,-1328,None,0
1778096295.066397,1,0.33863146186340565,-0.4583331788194897,866,-659,None,0
1778096295.107581,1,0.38007507842491384,-0.5729164956597697,972,-824,None,0
1778096295.147775,1,0.3430899571595424,-0.7083330347223322,878,-1019,None,0
1778096295.189544,1,0.3388335092705581,-0.3999998825000329,867,-575,None,0
1778096295.230148,1,0.33903555667771057,-0.6833330522223267,867,-983,None,0
1778096295.2710059,1,0.34032998796585945,-0.8095234716554511,871,-1165,None,0
1778096295.3112352,1,0.3556062542124704,-0.7708330243056672,910,-1109,None,0
1778096295.3515708,1,0.3509563539017577,-0.4895831918403163,898,-704,None,0
1778096295.394198,1,0.2829670312186783,-0.437499878125033,724,-629,None,0
1778096295.433152,1,0.27462121045231,-0.5416665138889301,703,-779,None,0
1778096295.475858,1,0.2605769216951077,-0.7499997152778783,667,-1079,None,0
1778096295.517548,1,0.21780303030876946,-0.7499997152778783,557,-1079,None,0
1778096295.558193,1,0.2321678316475133,-0.8416663594445521,594,-1211,None,0
1778096295.599333,1,0.23409090882920092,-0.510416521701428,599,-734,None,0
1778096295.6401548,1,0.24675324591344783,-0.4812498646875368,631,-692,None,0
1778096295.680893,1,0.263804943634506,-0.4895831918403163,675,-704,None,0
1778096295.721674,1,0.24810605972160715,-0.8749996736112258,635,-1259,None,0
1778096295.7619488,1,0.2321678316475133,-0.4791665295139261,594,-689,None,0
1778096295.803783,1,0.2910593770217964,-0.2351190046060168,745,-338,None,0
1778096295.845379,1,0.29042580756588277,-0.34999992166668376,743,-503,None,0
1778096295.8870661,1,0.27242822803464306,-0.27916660180557007,697,-401,None,0
1778096295.927758,1,0.2726453920276186,-0.36428562510206103,697,-524,None,0
1778096295.967818,1,0.23403679591382875,-0.6145831605903241,599,-884,None,0
1778096296.0094101,1,0.2901645745544912,-0.2083332986111169,742,-299,None,0
1778096296.048643,1,0.25934065799993955,-0.2416666113889011,663,-347,None,0
1778096296.091637,1,0.2634958777107137,-0.44791653732642406,674,-644,None,0
1778096296.132488,1,0.26510988868041285,-0.2892856472449127,678,-416,None,0
1778096296.173713,1,0.2574175811064483,-0.3249999207143036,658,-467,None,0
1778096296.256879,1,0.2196495201514148,-0.42499991083335187,562,-611,None,0
1778096296.3403609,1,0.28905433422342264,-0.5892855363520897,739,-848,None,0
1778096296.379122,1,0.269905531193394,-0.2916666013889031,690,-419,None,0
1778096296.418747,1,0.21732954507867852,-0.5178569751275983,556,-745,None,0
1778096296.459376,1,0.24019209880859416,-0.8020830073785882,614,-1154,None,0
1778096296.5005782,1,0.24587391690432403,-0.54687483398442,629,-787,None,0
1778096296.5418859,1,0.22272727267217607,-0.5624998325893314,570,-809,None,0
1778096296.582937,1,0.26236044510357903,-0.36785705602042745,671,-529,None,0
1778096296.623401,1,0.27456140155290387,-0.5267855519770859,702,-758,None,0
1778096296.6651058,1,0.2804336447168827,-0.46874984765629246,717,-674,None,0
1778096296.705345,1,0.27612329996361296,-0.39374990015627254,706,-566,None,0
1778096296.746778,1,0.2891995589382821,-0.5357141288265731,740,-771,None,0
1778096296.7877061,1,0.2511961710135222,-0.29999992125001806,643,-431,None,0
1778096296.8290071,1,0.2807360719083456,-0.5624998359375439,718,-809,None,0
1778096296.8697941,1,0.24651116312576482,-0.3437498867187817,631,-494,None,0
1778096296.910506,1,0.20775586365832321,-0.1333332918518618,531,-191,None,0
1778096296.951512,1,0.26773968944846915,-0.2749999307143016,685,-395,None,0
1778096296.992727,1,0.2980443255651899,-0.18749994843751205,762,-269,None,0
1778096297.0338812,1,0.26319226570380305,-0.16874995453126054,673,-242,None,0
1778096297.074889,1,0.2938992016512991,-0.24999991015627585,752,-359,None,0
1778096297.116253,1,0.2955508448076898,-0.3214284719388031,756,-462,None,0
1778096297.156971,1,0.2762142655760187,-0.19374994953126154,707,-278,None,0
1778096297.1981802,1,0.2730837318723627,-0.32812490039065206,699,-472,None,0
1778096297.239071,1,0.25158898166081745,-0.2142856622449097,644,-308,None,0
1778096297.2798889,1,0.2479125111266478,-0.27142850693878984,634,-390,None,0
1778096297.320846,1,0.250872381452943,-0.43749987500003384,642,-629,None,0
1778096297.361758,1,0.24975074639373251,-0.25416661097223414,639,-365,None,0
1778096297.402644,1,0.2463546846243656,-0.3482141757015613,630,-501,None,0
1778096297.444005,1,0.2735896767082471,-0.383928456313807,700,-552,None,0
1778096297.484998,1,0.22394605864904138,-0.19166660981482822,573,-275,None,0
1778096297.526025,1,0.2643025060348716,-0.359374892578154,676,-517,None,0
1778096297.567134,1,0.23497717977126653,-0.32812489648440357,601,-472,None,0
1778096297.608073,1,0.20456011359777748,-0.17222217419754196,523,-247,None,0
1778096297.692112,1,0.23887143156060286,-0.2416666113889011,611,-347,None,0
1778096297.731582,1,0.3373387270415684,-0.7583330538889873,863,-1091,None,0
1778096297.771589,1,0.39903845663338267,-0.7999997066667698,1021,-1151,None,0
1778096297.8127549,1,0.3530230172069565,-1.4374991979170815,903,-2069,None,0
1778096297.853816,1,0.36899717132135423,-0.6583330738889832,944,-947,None,0
1778096297.8953931,1,0.37490369408372826,-0.7499997166667678,959,-1079,None,0
1778096297.936356,1,0.3776515109004821,-0.7499997166667678,966,-1079,None,0
1778096297.9768388,1,0.351502307700876,-0.3333332256944754,899,-479,None,0
1778096298.017793,1,0.32533453170565685,-0.46874985677087344,832,-674,None,0
1778096298.05886,1,0.3784090866339531,-0.5178569751275983,968,-745,None,0
1778096298.0996292,1,0.351502307700876,-0.9895829318577816,899,-1424,None,0
1778096298.140546,1,0.32288985856633245,-0.6041664826389403,826,-869,None,0
1778096298.181888,1,0.3597521791617815,-0.5729164904514384,920,-824,None,0
1778096298.22301,1,0.3389920391058301,-0.883332978889019,867,-1271,None,0
1778096298.2632499,1,0.30481214395225975,-0.3458332523611293,780,-497,None,0
1778096298.305321,1,0.3990885364291722,-1.4583325069448738,1021,-2099,None,0
1778096298.3461928,1,0.3516909778824959,-0.8749996597223437,900,-1259,None,0
1778096298.387501,1,0.3769556671792692,-1.6249991041671283,965,-2339,None,0
1778096298.428458,1,0.3707953022220032,-1.6666657222227128,949,-2399,None,0
1778096298.4693592,1,0.41431273103318933,0.4166665277778241,1060,599,Notes from a Writer's Desk,26
1778096298.510099,1,0.45171618219402576,0.5624999218749883,1156,809,None,0
1778096298.55116,1,0.33945895193127185,0.18749990625004687,869,269,Reading Between the Leaves: The Importance of Being a Good Reader,65
1778096298.592297,1,0.4091716727351633,0.20833326388891205,1047,299,Reading Between the Leaves: The Importance of Being a Good Reader,65
1778096298.6332521,1,0.3286290287937137,-0.5312497109376504,841,-764,None,0
1778096298.674092,1,0.35073444314900226,-0.6249996250002031,897,-899,None,0
1778096298.7152598,1,0.3520258942166228,-1.249999262500391,901,-1799,None,0
1778096298.7564669,1,0.3488930621714932,-2.6499970700029865,893,-3815,None,0
1778096298.7974532,1,0.3667834010647695,-1.1624993362503484,938,-1673,None,0
1778096298.838546,1,0.365376166496191,-2.8749969166697853,935,-4139,None,0
1778096298.879209,1,0.39200459641744523,-3.074996685003363,1003,-4427,None,0
1778096298.920608,1,0.3578738473071952,-3.604162732642878,916,-5189,None,0
1778096298.961588,1,0.36006682972486215,-3.2249964550036094,921,-4643,None,0
1778096299.002443,1,0.3860008576580094,-3999999.60000008,988,-5759999424,None,0
1778096299.043712,1,0.3596491187947941,-3999999.625000075,920,-5759999460,None,0
1778096299.084308,1,0.3634085172350259,-4124999.60000008,930,-5939999424,None,0
1778096299.1253262,1,0.3701963199530607,-3.2499964500036103,947,-4679,None,0
1778096299.166982,1,0.362050956677495,-3.729162607643003,926,-5369,None,0
1778096299.207217,1,0.36297396277054284,-3999999.583333403,929,-5759999400,None,0
1778096299.248694,1,0.31026785463667883,-3.9999955833378196,794,-5759,None,0
1778096299.289139,1,0.3271998323831744,-3.642853193881544,837,-5245,None,0
1778096299.373339,1,0.33353892218799075,-4.099995580004484,853,-5903,None,0
1778096299.412107,1,0.32695997493498985,-4249999.666666722,837,-6119999520,None,0
1778096299.4966059,1,0.32086074257835806,-3.7916625972263382,821,-5459,None,0
1778096299.535549,1,0.2952008906112982,-1.3303563501279656,755,-1915,None,0
1778096299.576211,1,0.3506773357123816,-3.9285671173513053,897,-5657,None,0
1778096299.617314,1,0.31200396538308617,-0.6071425799320759,798,-874,None,0
1778096299.658156,1,0.26280906451239083,-0.645833052083438,672,-929,None,0
1778096299.698783,1,0.28910256190404504,-0.6845235133221039,740,-985,None,0
1778096299.739464,1,0.2967948694780096,-0.6726187689910303,759,-968,None,0
1778096299.78054,1,0.2726383246594126,-0.5119045300454375,697,-737,None,0
1778096299.82205,1,0.2579744802682451,-1.1458326423614762,660,-1649,None,0
1778096299.863152,1,0.2582735233206688,-0.5937497434896761,661,-854,None,0
1778096299.903657,1,0.28744939053472973,-0.6249997430556493,735,-899,None,0
1778096299.944757,1,0.27293489279030836,-1.3392849426024411,698,-1928,None,0
1778096299.9863691,1,0.2699362025645524,-0.7440473302155215,691,-1071,None,0
1778096300.0268538,1,0.27317360424888015,-1.374999187500427,699,-1979,None,0
1778096300.067979,1,0.30860323636313214,-0.7499997152778783,790,-1079,None,0
1778096300.109547,1,0.2803975792460891,-0.916666319444567,717,-1319,None,0
1778096300.1496582,1,0.259262894927049,-0.708333048611214,663,-1019,None,0
1778096300.1908212,1,0.2683413062517328,-0.5833331631944909,686,-839,None,0
1778096300.231723,1,0.2445211030961647,-0.5446426922832086,625,-784,None,0
1778096300.315992,1,0.24366125666802274,-0.34999991125002006,623,-503,None,0
1778096300.3556328,1,0.26022475922776467,-0.20312493710939034,666,-292,None,0
1778096300.39594,1,0.28140578078550993,-0.42410701195794437,720,-610,None,0
1778096300.437015,1,0.31972264722256516,-0.35714275255104877,818,-514,None,0
1778096300.477959,1,0.3524621174153466,-0.1249999166667014,902,-179,None,0
1778096300.562305,1,0.3989575879259686,0.7708330607639835,1021,1109,None,0
1778096300.6016462,1,0.4561321855645367,0.520833190972254,1167,749,None,0
1778096300.6425102,1,0.44255049904665344,0.4687499140625059,1132,674,None,0
1778096300.683267,1,0.4579132997865232,-0.31249976041676897,1172,-449,None,0
1778096300.7242,1,0.48809523034769475,-0.5499994775003108,1249,-791,None,0
1778096300.7652748,1,0.49193547593652454,-2.2999970400030927,1259,-3311,None,0
1778096300.806207,1,0.5108166837936289,-2499998.7500004168,1307,-3599998200,None,0
1778096300.847233,1,0.5208653267452212,-1.5624974531277933,1333,-2249,None,0
1778096300.887739,1,0.42622654545857985,-3874998.9375002654,1091,-5579998470,None,0
1778096300.972019,1,0.25418356899033223,-7624999.194444534,650,-10979998840,None,0
1778096301.011144,1,0.28782809901479345,-9249999.138888985,736,-13319998760,None,0
1778096301.052039,1,0.287512460708105,-9.208323399315551,736,-13259,None,0
1778096301.093447,1,0.3131166177073883,-4.364580782119361,801,-6284,None,0
1778096301.1339781,1,0.31335784050617543,-1.8333327170140559,802,-2639,None,0
1778096301.175036,1,0.378610972865716,-1.4553567335460085,969,-2095,None,0
1778096301.215759,1,0.37590039291744903,-2.173076193417357,962,-3129,None,0
1778096301.2570932,1,0.421277909862954,-2.1995185044842924,1078,-3167,None,0
1778096301.2978292,1,0.4255571149924079,-2.366665913055755,1089,-3407,None,0
1778096301.3393111,1,0.5588902799696909,-2.404165876180766,1430,-3461,None,0
1778096301.380447,1,0.5491482997198929,-1.0714282925170604,1405,-1542,None,0
1778096301.4208481,1,0.5727864478449166,-1.7406245165235428,1466,-2506,None,0
1778096301.4625301,1,0.5315020070957022,-1.7985289212630817,1360,-2589,None,0
1778096301.503059,1,0.5020491720975546,-2.5404403698639664,1285,-3658,None,0
1778096301.544162,1,0.587326597287982,-6.164058997560371,1503,-8876,None,0
1778096301.585849,1,0.5435770907858256,-2.3671867250978615,1391,-3408,None,0
1778096301.6263611,1,0.5334272446392402,-3.7552068234597202,1365,-5407,None,0
1778096301.666974,1,0.5536458231374785,-2.5110286068881873,1417,-3615,None,0
1778096301.7083058,1,0.5393826748724808,-3.5882338477513613,1380,-5167,None,0
1778096301.748798,1,0.4905348478896645,-3.8014690606983326,1255,-5474,None,0
1778096301.789689,1,0.35865384190212024,-3.134614085799269,918,-4513,None,0
1778096301.831127,1,0.4292429730908178,-5.229163690973733,1098,-7529,None,0
1778096301.872144,1,0.36438151579695666,-11499999.182692371,932,-16559998823,None,0
1778096301.913281,1,0.3102529503963485,-10249999.239583397,794,-14759998905,None,0
1778096301.954601,1,0.3409090872589532,-9499999.302083392,872,-13679998995,None,0
1778096301.995307,1,0.34698433685123664,-8.056809494843456,888,-11601,None,0
1778096302.036116,1,0.31147277576165977,-8249999.30000007,797,-11879998992,None,0
1778096302.077139,1,0.3281405441109828,-8249999.350000065,840,-11879999064,None,0
1778096302.1185439,1,0.30882352683102654,-6.208326532414275,790,-8939,None,0
1778096302.159001,1,0.33878761567413374,-2.7749983725008374,867,-3995,None,0
1778096302.200416,1,0.3304073858167005,-6.162493308756744,845,-8873,None,0
1778096302.2413518,1,0.3046568602338042,-5.124994339291452,779,-7379,None,0
1778096302.282209,1,0.4087183258427154,-5999999.42857151,1046,-8639999177,None,0
1778096302.323447,1,0.3967337259351259,-1.9791655034728326,1015,-2849,None,0
1778096302.364376,1,0.32131368771507685,-3.5937461015664747,822,-5174,None,0
1778096302.405154,1,0.3918560561240245,-1.3124992656253867,1003,-1889,None,0
1778096302.4887521,1,0.34581330316911807,-0.7708330711806441,885,-1109,None,0
1778096302.528264,1,0.2747844812695628,-0.32916660847223256,703,-473,None,0
1778096302.568752,1,0.21286319583308666,-0.15624998046875244,544,-224,None,0
1778096302.609605,1,0.21286319583308666,-0.04166666203703756,544,-59,None,0
1778096302.6508741,1,0.21472905218076455,-0.05555555335096972,549,-79,None,0
1778096302.691749,1,0.2663690461600057,-0.1428571224489825,681,-205,None,0
1778096302.732575,1,0.2967391282537808,-0.05357142091836843,759,-77,None,0
1778096302.773479,1,0.35761815552425213,-0.28571422346940095,915,-411,None,0
1778096302.900478,1,0.39166666215909085,-0.6116069650829561,1002,-880,None,0
1778096302.939449,1,0.3765858168964181,-0.6428569572704581,964,-925,None,0
1778096302.979396,1,0.3427696046569829,-0.9947912992622796,877,-1432,None,0
1778096303.020311,1,0.41850566914080334,-0.6651783860013246,1071,-957,None,0
1778096303.062061,1,0.37718382880813683,-0.6339283938138227,965,-912,None,0
1778096303.102954,1,0.33341765443697824,-0.6026784016263207,853,-867,None,0
1778096303.144119,1,0.3720012995428523,-0.8833330122223346,952,-1271,None,0
1778096303.184639,1,0.4190104110788304,-0.7666663911112069,1072,-1103,None,0
1778096303.2265441,1,0.345022764268184,-0.5624998593750352,883,-809,None,0
1778096303.267614,1,0.3856060561650596,-1.6874990812504742,987,-2429,None,0
1778096303.308604,1,0.28993407529622384,-1.46874919531292,742,-2114,None,0
1778096303.3497741,1,0.3229493179412968,-1.4999991750004273,826,-2159,None,0
1778096303.390553,1,0.3198520083034776,-1.4999991750004273,818,-2159,None,0
1778096303.430466,1,0.3225714618595993,-0.5178569885204503,825,-745,None,0
1778096303.472651,1,0.34729477257924457,-0.851190148242746,889,-1225,None,0
1778096303.513102,1,0.3315519828230331,-0.8749996805556666,848,-1259,None,0
1778096303.596745,1,0.32358335153136786,-0.8124996979167726,828,-1169,None,0
1778096303.636959,1,0.3454031808743201,-0.8571425442177952,884,-1234,None,0
1778096303.677799,1,0.3821390042104098,-0.9166663277778974,978,-1319,None,0
1778096303.71915,1,0.46313363474949043,-0.6374998318750438,1185,-917,None,0
1778096303.758831,1,0.4717000776304623,-0.7562498034375507,1207,-1088,None,0
1778096303.8009531,1,0.4573412644774346,-0.3666665863889061,1170,-527,None,0
1778096303.841162,1,0.4863163591696005,-0.6687498240625457,1244,-962,None,0
1778096303.882835,1,0.4827744700551323,-0.6124998368750428,1235,-881,None,0
1778096303.9642,1,0.4847905990548723,-0.6124998368750428,1241,-881,None,0
1778096304.0044181,1,0.34430803255665066,-0.785713982993304,881,-1131,None,0
1778096304.046016,1,0.37907267732143646,-0.9333330022223366,970,-1343,None,0
1778096304.086828,1,0.3965761127072559,-0.5729165060764319,1015,-824,None,0
1778096304.127548,1,0.36396655320313787,-0.8499996966667718,931,-1223,None,0
1778096304.169719,1,0.37413594040955034,-0.6041664982639339,957,-869,None,0
1778096304.2100968,1,0.3874268960620363,-0.5714284094388188,991,-822,None,0
1778096304.250528,1,0.37907267732143646,-0.6249998333333767,970,-899,None,0
1778096304.291866,1,0.3621031708219167,-0.7916663680556608,926,-1139,None,0
1778096304.334514,1,0.38408520855187267,-0.9916663127779003,983,-1427,None,0
1778096304.3745658,1,0.37273848287380584,-1.5999991550004313,954,-2303,None,0
1778096304.416181,1,0.3794903882515045,-0.9999996388890138,971,-1439,None,0
1778096304.4548328,1,0.37907267732143646,-0.9791663090279021,970,-1409,None,0
1778096304.496255,1,0.3810568042740693,-0.9666663177778994,975,-1391,None,0
1778096304.537034,1,0.34970237737681875,-1.824999035000493,895,-2627,None,0
1778096304.577704,1,0.27888243768994836,0.7499985000018752,713,1079,None,0
1778096304.6186738,1,0.22727272754693395,0.39583304513906303,581,569,None,0
1778096304.661053,1,0.28713686596050403,-1.999998000002,735,-2879,None,0
1778096304.702355,1,0.4034689643718181,-3749999.625000375,1032,-5399999460,None,0
1778096304.744189,1,0.37427994958524347,-3875000.24999975,958,-5580000359,None,0
1778096304.7848299,1,0.35912698037525215,-3.874996125003875,919,-5579,None,0
1778096304.826873,1,0.3321789292360422,-1.6874991354171058,850,-2429,None,0
1778096304.8654919,1,0.3556547581992866,-3.708329597225968,910,-5339,None,0
1778096304.907107,1,0.3282106753307763,-1.499999250000375,840,-2159,None,0
1778096304.948637,1,0.40616332255697407,-2.062497718752391,1039,-2969,None,0
1778096304.990169,1,0.35249627026391406,-2.6249972500028127,902,-3779,None,0
1778096305.031374,1,0.3602458975667586,-2.8124969687531407,922,-4049,None,0
1778096305.072169,1,0.3166069269037026,-2.874996812503344,810,-4139,None,0
1778096305.113261,1,0.3568181777895951,-2.8749969375031563,913,-4139,None,0
1778096305.153184,1,0.3579731703353537,-3749999.5000001667,916,-5399999280,None,0
1778096305.19544,1,0.3955357088892433,-2.8749969375031563,1012,-4139,None,0
1778096305.239202,1,0.32467144290266203,-1.2916659444448308,831,-1859,None,0
1778096305.276116,1,0.32407407135824595,-2.6874969687532033,829,-3869,None,0
1778096305.317272,1,0.364120711218181,-2.9166634444477686,932,-4199,None,0
1778096305.400736,1,0.35051319292227445,-1.2916659444448308,897,-1859,None,0
1778096305.4402912,1,0.39279754758462004,-2.9999965833368893,1005,-4319,None,0
1778096305.565293,1,0.38584427543454913,-1.2083326180559502,987,-1739,None,0
1778096305.605365,1,0.44818547713612134,-3.1249964583370144,1147,-4499,None,0
1778096305.645941,1,0.4748292274373396,-2.999996625003563,1215,-4319,None,0
1778096305.6863098,1,0.469774003734998,-3.2916629027816993,1202,-4739,None,0
1778096305.726487,1,0.4705942548314468,-3.0416632361146716,1204,-4379,None,0
1778096305.767287,1,0.4767759487186093,-1.1666659861114836,1220,-1679,None,0
1778096305.807877,1,0.45631719743395205,-1.0833327013892349,1168,-1559,None,0
1778096305.848935,1,0.48749999187500004,-3.2083297638925794,1247,-4619,None,0
1778096305.8907158,1,0.4090053702557378,-1.2812492734378846,1047,-1844,None,0
1778096305.932201,1,0.4202802684573048,-0.8583330005556757,1075,-1235,None,0
1778096305.971961,1,0.4257552418153082,-0.5624998333333793,1089,-809,None,0
1778096306.013664,1,0.42985150390900206,-0.5208331736111559,1100,-749,None,0
1778096306.054113,1,0.3933145437591399,-0.4999998437500442,1006,-719,None,0
1778096306.095146,1,0.416960902449666,-0.899999653333458,1067,-1295,None,0
1778096306.1372092,1,0.47817459558453035,-0.7124998043750523,1224,-1025,None,0
1778096306.17796,1,0.45194891794011605,-1.8749990156255039,1156,-2699,None,0
1778096306.21915,1,0.42392743103996977,-3374997.75000225,1085,-4859996760,None,0
1778096306.2604759,1,0.5120967659339232,0.6249996875001562,1310,899,None,0
1778096306.301242,1,0.38205127740220257,-0.2708329409725041,978,-389,None,0
1778096306.3422248,1,0.45980342069424607,-2.062496953128293,1177,-2969,None,0
1778096306.383181,1,0.4080024758210138,-3999997.6875011562,1044,-5759996670,None,0
1778096306.424644,1,0.3916801132203458,-1.3749977916691534,1002,-1979,None,0
1778096306.464957,1,0.45107526205478965,0.7499996250001875,1154,1079,None,0
1778096306.506009,1,0.45825620650700316,1.562499010417231,1173,2249,None,0
1778096306.547306,1,0.4768640856281642,-3.0312460546916737,1220,-4364,None,0
1778096306.588181,1,0.44477856114865877,-0.6562493671878926,1138,-944,None,0
1778096306.629351,1,0.39947162981462847,-3.0749960850040834,1022,-4427,None,0
1778096306.670042,1,0.45702682881039747,-1.624997625002563,1169,-2339,None,0
1778096306.711634,1,0.36848109105171956,-1.2499980000021877,943,-1799,None,0
1778096306.752152,1,0.3852621774994047,-2.1749970650030876,986,-3131,None,0
1778096306.791915,1,0.36574315111417177,-1.3749978750023129,936,-1979,None,0
1778096306.834836,1,0.34189966773030145,-3124998.9583336804,875,-4499998500,None,0
1778096306.875325,1,0.44761782160547436,0.0,1145,0,None,0
1778096306.915637,1,0.27689140340673557,0.07499994750002925,708,107,None,0
1778096306.957847,1,0.3306942337312051,-3.6406210449258696,846,-5242,None,0
1778096306.9981241,1,0.28383084333419983,-2.6527762677476887,726,-3819,None,0
1778096307.039223,1,0.33233028027308453,-3.3374980912509784,850,-4805,None,0
1778096307.08038,1,0.3955738649552003,-3.6363615671498177,1012,-5236,None,0
1778096307.1219041,1,0.34707966335503493,-8.011355067157382,888,-11536,None,0
1778096307.204923,1,0.4013008996893621,-8249999.458333379,1027,-11879999220,None,0
1778096307.244885,1,0.3417610863157714,-7.462492053757995,874,-10745,None,0
1778096307.286548,1,0.36041105550951424,-7.068174357445514,922,-10178,None,0
1778096307.341603,1,0.38885970592539176,-6.524993047506996,995,-9395,None,0
1778096307.408768,1,0.3726280793544471,-1.6111104876545383,953,-2319,None,0
1778096307.491731,1,0.4481534027261026,-4.749994928576546,1147,-6839,None,0
1778096307.5328262,1,0.45028408450830215,-1.2261899994332752,1152,-1765,None,0
1778096307.573348,1,0.43196128149208757,-2.0714273826536775,1105,-2982,None,0
1778096307.656632,1,0.40613510515628803,-6499999.531250059,1039,-9359999325,None,0
1778096307.6965692,1,0.4471001156645139,-7499999.472222281,1144,-10799999240,None,0
1778096307.736309,1,0.46902042569023183,-8999999.40000006,1200,-12959999136,None,0
1778096307.776631,1,0.44908424261714686,-1.6562494817709716,1149,-2384,None,0
1778096307.860608,1,0.5099206268266566,-2.3187492782293564,1305,-3338,None,0
1778096307.89922,1,0.4548529727031566,-1.8166661922223242,1164,-2615,None,0
1778096307.9398248,1,0.41565778296737965,-1.489582997178881,1064,-2144,None,0
1778096307.9809852,1,0.4248361833343347,-2.4910706256379687,1087,-3587,None,0
1778096308.022646,1,0.4801587225371632,-1.510713875663355,1229,-2175,None,0
1778096308.0634189,1,0.4861111033950618,-1.4999995000001352,1244,-2159,None,0
1778096308.104357,1,0.5421682793875421,-2.7499983671883483,1387,-3959,None,0
1778096308.144894,1,0.4733606479776943,-4.270828663199182,1211,-6149,None,0
1778096308.188071,1,0.4778225729383456,-3124999.875000025,1223,-4499999820,None,0
1778096308.229244,1,0.4982078770414785,-0.656249726562623,1275,-944,None,0
1778096308.270419,1,0.5020481227583166,-2.874997062502969,1285,-4139,None,0
1778096308.310545,1,0.49206348425296054,-3999999.416666861,1259,-5759999160,None,0
1778096308.3488069,1,0.5212053486624306,-1.2499992083337848,1334,-1799,None,0
1778096308.391798,1,0.490143361618556,-4.406244960942698,1254,-6344,None,0
1778096308.434013,1,0.5140168885683277,-4.74999465000547,1315,-6839,None,0
1778096308.4740732,1,0.5095486028118371,-5.187494015631184,1304,-7469,None,0
1778096308.5159738,1,0.4548891062396604,-5874999.1562502105,1164,-8459998785,None,0
1778096308.55717,1,0.47482638168329605,-5874999.187500203,1215,-8459998830,None,0
1778096308.5977979,1,0.45306198933069275,-5999999.250000187,1159,-8639998920,None,0
1778096308.6783261,1,0.4364433852637234,-4.708328013894413,1117,-6779,None,0
1778096308.7201679,1,0.4323200932618728,-5499999.375000156,1106,-7919999100,None,0
1778096308.7609758,1,0.44695059830121564,-5999999.312500172,1144,-8639999010,None,0
1778096308.801564,1,0.47215821085643195,-4.208328597227135,1208,-6059,None,0
1778096308.843183,1,0.5139528844741139,-1.4166657986115982,1315,-2039,None,0
1778096308.884036,1,0.4861111033950619,-4.124995208338348,1244,-5939,None,0
1778096308.925036,1,0.5095176008286865,-4.041661986116005,1304,-5819,None,0
1778096308.965871,1,0.5293598700669496,-4.12499529167157,1355,-5939,None,0
1778096309.007128,1,0.474702373750694,-4.166661944449353,1215,-5999,None,0
1778096309.048434,1,0.5099206268266567,-4999999.375000209,1305,-7199999100,None,0
