timestamp,face_detected,avg_norm_x,avg_norm_y,screen_x,screen_y
1778094697.4811678,1,0.1681034507371002,-0.6874997604167483,430,-989
1778094697.735958,1,0.19757688884432678,-0.3124999062500253,505,-449
1778094697.774922,1,0.16539812807112164,-0.5833331018519331,423,-839
1778094697.812999,1,0.17166666815555542,-0.8437494726565268,439,-1214
1778094697.855675,1,0.136390695062657,-0.3333331736111724,349,-479
1778094697.8989599,1,0.14474576499526948,-1.964283505104285,370,-2828
1778094697.9385312,1,0.15350877393044016,-0.3630950592404307,392,-522
1778094697.978643,1,0.1392937876744933,-0.15624993415180602,356,-224
1778094698.019489,1,0.11693723216549778,-0.09821423820154576,299,-141
1778094698.10216,1,0.11880411528113344,-0.1333332918518618,304,-191
1778094698.143533,1,0.0744791705881076,-0.11111108487654842,190,-159
1778094698.1834838,1,0.08175105849400888,-0.18333329694445108,209,-263
1778094698.226476,1,0.13193568963554836,-0.14583330069445072,337,-209
1778094698.266825,1,0.08177083717230871,-0.09107141181122724,209,-131
1778094698.3238342,1,0.12636088957797442,-0.06428569867347225,323,-92
1778094698.388371,1,0.07812500389322907,-0.060064919400407646,200,-86
1778094698.428999,1,0.12119175899434054,-0.06428569867347225,310,-92
1778094698.472129,1,0.11716642736495131,-0.04761903552532354,299,-68
1778094698.509314,1,0.11628024457927522,0.01846591220622329,297,26
1778094698.5522509,1,0.10339506470818516,0.03409091025309853,264,49
1778094698.594891,1,0.10738742772686449,-0.016071419311226492,274,-23
1778094698.632363,1,0.1150724810177175,-0.09583330986111574,294,-137
1778094698.676855,1,0.0972943754157296,-2.9107108699014477,249,-4191
1778094698.717786,1,0.18904482718323612,3.2678537831666383,483,4705
1778094698.756042,1,0.12915090627322923,2.3124971718779572,330,3329
1778094698.7973802,1,0.029520923080223804,-5749998.5000005,75,-8279997840
1778094698.84043,1,0.12830656818418507,-6124999.166666806,328,-8819998800
1778094698.880727,1,0.12006579197405287,-1.916665388889581,307,-2759
1778094698.920206,1,0.08613956818730184,-5.583326777784496,220,-8039
1778094698.9608068,1,0.09900793997301993,-2.8303553322713695,253,-4075
1778094699.005504,1,0.09143423946404772,-1.671874218099247,234,-2407
1778094699.044977,1,0.0787530802275429,-3.265622951172951,201,-4702
1778094699.0859032,1,0.08928083500348327,-1.8611102746916606,228,-2679
1778094699.1267881,1,0.06960702789229378,-0.8749996445313557,178,-1259
1778094699.167706,1,0.09762100439984622,-1.6388881327163245,249,-2359
1778094699.211643,1,0.11137566446809988,-2.7812482460946724,285,-4004
1778094699.2475111,1,0.11057692633218874,-2.6874982991080443,283,-3869
1778094699.288795,1,0.12624861535069853,-7499999.089285844,323,-10799998688
1778094699.330134,1,0.13228357640640587,-2.333331819445259,338,-3359
1778094699.3757608,1,0.02384058580810744,-7124999.125000146,61,-10259998740
1778094699.4173,1,0.036544123290527475,-6.166659909729079,93,-8879
1778094699.454834,1,0.00322629730567936,-2.645831829861893,8,-3809
1778094699.495882,1,-0.06555058620239018,-1.437499413194658,-167,-2069
1778094699.539296,1,-0.07331173882079489,-1.5416660416668873,-187,-2219
1778094699.5794291,1,-0.0007246310619621887,-1.333332833333509,-1,-1919
1778094699.620491,1,-0.003872856876272923,-0.31249994791667535,-9,-449
1778094699.659211,1,-0.03358878038585167,-0.3697916082899399,-85,-532
1778094699.700068,1,-0.08821916880795677,-0.15535712119898262,-225,-223
1778094699.741339,1,-0.037173194935375076,-0.11562498335937732,-95,-166
1778094699.785047,1,-0.08624999082708373,-0.19444441093474968,-220,-279
1778094699.826259,1,-0.030405398301508013,-0.19047615532880455,-77,-274
1778094699.867925,1,0.018434348524958954,-0.449999878750032,47,-647
1778094699.906759,1,0.09740991220654771,-0.2708332673611325,249,-389
1778094699.95076,1,0.2830985888946027,-0.41666651388895604,724,-599
1778094699.9872131,1,0.3274044754996477,-0.5892852015311141,838,-848
1778094700.0290968,1,0.37703527275086124,-0.23809517233562089,965,-342
1778094700.0691898,1,0.38482220701799874,-0.20833328472223495,985,-299
1778094700.156737,1,0.43363146830218424,-0.20833328472223495,1110,-299
1778094700.19346,1,0.48797759412011943,-0.18750004687489452,1249,-270
1778094700.23718,1,0.49159095052317325,0.18749982812510546,1258,269
1778094700.273292,1,0.5122548937963111,0.09374960156297463,1311,134
1778094700.319701,1,0.4932403123879119,0.4166658611120464,1262,599
1778094700.358468,1,0.522256778685486,-0.0625005937490779,1336,-90
1778094700.400162,1,0.478023478180823,624999.5625001094,1223,899999370
1778094700.4387891,1,0.5079874752517987,874998.8125005937,1300,1259998290
1778094700.4855978,1,0.4856694710575279,0.8333319722237593,1243,1199
1778094700.520747,1,0.496755345866596,0.7916652361127549,1271,1139
1778094700.5647,1,0.4422190455005329,0.24999973437516798,1132,359
1778094700.60303,1,0.45149253057473837,0.18749976562515236,1155,269
1778094700.6444259,1,0.4485294051686852,-0.06250011458322746,1148,-90
1778094700.685226,1,0.4558823462370243,0.4999990000011668,1167,719
1778094700.726828,1,0.5026768253322411,-1.7499977500025001,1286,-2519
1778094700.767683,1,0.42372376670961875,0.3749988750015003,1084,539
1778094700.808195,1,0.47829784164942724,0.6249986250017501,1224,899
1778094700.849047,1,0.4420544274193705,0.45833226389016213,1131,659
1778094700.8913438,1,0.4820172561463416,-1.6249983750016253,1233,-2339
1778094700.9339561,1,0.4468243756468585,-2.4999970625031565,1143,-3599
1778094700.972461,1,0.47321427895408175,-3249998.8750005625,1211,-4679998380
1778094701.012885,1,0.47463767428061343,-1750000.0,1215,-2520000000
1778094701.053805,1,0.4779411694420417,-1375000.0,1223,-1980000000
1778094701.0990741,1,0.4551242172852451,-0.9999990000010002,1165,-1439
1778094701.1410592,1,0.4551242172852451,-2749998.25000175,1165,-3959997480
1778094701.184292,1,0.4311449522063018,-2999998.9375005313,1103,-4319998470
1778094701.221545,1,0.44558822930857633,-1.3749981875020314,1140,-1979
1778094701.2631192,1,0.4614769756026542,1749998.6250006875,1181,2519998020
1778094701.3048582,1,0.46331521086973904,0.4999988750014377,1186,719
1778094701.3422909,1,0.4596920225164519,-1.2499987500012502,1176,-1799
1778094701.386498,1,0.42835820342535724,-0.999999000001,1096,-1439
1778094701.4270458,1,0.4614769756026542,-1.7499982500017501,1181,-2519
1778094701.465982,1,0.4889705810445504,-3249998.75000125,1251,-4679998200
1778094701.506549,1,0.40313852319765375,-2999998.75000125,1032,-4319998200
1778094701.5494971,1,0.4912203612127416,-1.4999985000015,1257,-2159
1778094701.5892632,1,0.4034317798405327,-1.124998875001125,1032,-1619
1778094701.631247,1,0.43689162288183847,1249997.000003,1118,1799995680
1778094701.67062,1,0.4533582024904834,1374997.25000275,1160,1979996040
1778094701.712888,1,0.43694570031914004,1249997.125002875,1118,1799995860
1778094701.753091,1,0.4074784478438037,1249997.75000225,1043,1799996760
1778094701.795605,1,0.46507352257244816,1249997.25000275,1190,1799996040
1778094701.8403058,1,0.4655797031043436,2249998.562500719,1191,3239997930
1778094701.87922,1,0.4241023087707302,0.8749983125020941,1085,1259
1778094701.928633,1,0.43779304585408185,-0.24999975000024977,1120,-359
1778094702.000271,1,0.39344531771736535,-3249999.062500469,1007,-4679998650
1778094702.081442,1,0.45086897773697776,-3249999.4583335137,1154,-4679999220
1778094702.1232991,1,0.3946428525490583,-3.1874965781284805,1010,-4589
1778094702.163875,1,0.43601778085476484,-2.62499706250299,1116,-3779
1778094702.20591,1,0.4147186095991925,-0.9166660972225253,1061,-1319
1778094702.286526,1,0.3937899736515508,-0.29999992000001796,1008,-431
1778094702.3699698,1,0.40934873403568794,-0.0833333055555617,1047,-119
1778094702.410316,1,0.3985236805485137,-0.06944441820988251,1020,-99
1778094702.492744,1,0.4227225614371768,-0.14999995125001206,1082,-215
1778094702.533952,1,0.40026259971402545,-0.406249867187537,1024,-584
1778094702.576562,1,0.3984243644469406,-0.28571421632654626,1019,-411
1778094702.6175349,1,0.3965861291798558,-0.23333327185186578,1015,-335
1778094702.6564522,1,0.3473828002020546,-0.1249999739583383,889,-179
1778094702.697713,1,0.42753622568788086,-0.18749996354167336,1094,-269
1778094702.737313,1,0.4055672214877569,-0.24999994062501302,1038,-359
1778094702.780653,1,0.39850745760223405,-0.14583330902778183,1020,-209
1778094702.8220851,1,0.4855582698044175,-0.05952379705215664,1243,-85
1778094702.8649821,1,0.44708248885037605,-0.23333328527778763,1144,-335
1778094702.9059782,1,0.46184995038929166,-0.24166662388889654,1182,-347
1778094702.943948,1,0.48508986143533883,-0.16428568653061706,1241,-236
1778094703.0235362,1,0.5363004958418627,-0.27142852122449923,1372,-390
1778094703.06712,1,0.5763435092127702,-0.26666661472223235,1475,-383
1778094703.108267,1,0.5733403480250856,-0.4374998906250273,1467,-629
1778094703.1538198,1,0.5233499285500954,-0.4499999037500208,1339,-647
1778094703.1884391,1,0.5113636275109047,-0.41874991156251884,1309,-602
1778094703.2293062,1,0.5191988285764555,-0.324999935000013,1329,-467
1778094703.271161,1,0.47973672493088626,-0.3374999168750205,1228,-485
1778094703.3125582,1,0.4987732485016857,-0.24999995000001,1276,-359
1778094703.352316,1,0.5616424014151156,-0.349999930000014,1437,-503
1778094703.394569,1,0.5274365180505503,-0.299999940000012,1350,-431
1778094703.434989,1,0.5329135859473991,-0.324999935000013,1364,-467
1778094703.475379,1,0.5444678510776472,-0.46249989812502273,1393,-665
1778094703.561096,1,0.49857953678893596,-0.3374999387500112,1276,-485
1778094703.601307,1,0.4878859045585715,-0.44374990031252265,1248,-638
1778094703.639503,1,0.49857953678893596,-0.299999940000012,1276,-431
1778094703.6804302,1,0.47179693014235147,-0.46874989531252365,1207,-674
1778094703.7225559,1,0.469060937355002,-0.29166660763890134,1200,-419
1778094703.762779,1,0.4740128849796903,-0.272321379623734,1213,-392
1778094703.8062348,1,0.4911616076062074,-0.1749999721428617,1257,-251
1778094703.844202,1,0.468372272655018,-0.1749999721428617,1199,-251
1778094703.884342,1,0.5258693265922092,-0.2708332829861208,1346,-389
1778094703.9258292,1,0.488345933169407,-0.1749999721428617,1250,-251
1778094703.9709172,1,0.4895833247974538,-0.010416668836804713,1253,-15
1778094704.008057,1,0.46790972306260514,-0.3095237335601121,1197,-445
1778094704.048665,1,0.5081984136281487,-0.20833329340278572,1300,-299
1778094704.091511,1,0.4916311221527796,-0.3937499165625179,1258,-566
1778094704.131084,1,0.5512445796332763,0.0,1411,0
1778094704.173138,1,0.5640692547698228,-0.07083331569444856,1444,-101
1778094704.21456,1,0.5465618249725009,-0.27499992625001946,1399,-395
1778094704.255049,1,0.5659631941350661,-0.14583330069445155,1448,-209
1778094704.298879,1,0.5624868523495509,-0.14999996583334088,1439,-215
1778094704.365922,1,0.5643525239634962,-0.17499996500000703,1444,-251
1778094704.425399,1,0.5486673686476695,-0.04999999416666713,1404,-71
1778094704.470894,1,0.5515480806523955,0.0,1411,0
1778094704.516284,1,0.5386029328881922,0.149999970000006,1378,215
1778094704.5917811,1,0.5470950618431619,0.099999980000004,1400,143
1778094704.62594,1,0.5717101021608166,0.03571427763605607,1463,51
1778094704.665523,1,0.5258403280323602,-0.021428571224489247,1346,-30
1778094704.747652,1,0.5214839684103375,0.04464284927721225,1334,64
1778094704.788374,1,0.505807750256679,0.06666665055555925,1294,95
1778094704.828761,1,0.5349264623540227,0.05312498585937826,1369,76
1778094704.870664,1,0.5222688995119521,0.03928570438775738,1337,56
1778094704.9123452,1,0.5221638574981906,0.09226188810941338,1336,132
1778094704.952616,1,0.5258928490392408,0.10416664930555844,1346,149
1778094704.993353,1,0.5447761107122969,0.03571427763605607,1394,51
1778094705.033838,1,0.5220588154844293,-0.08749998875000121,1336,-125
1778094705.0749178,1,0.5204306642448672,-0.13749997875000322,1332,-197
1778094705.115446,1,0.5339606232708966,-0.22499995500000902,1366,-323
1778094705.196439,1,0.5417356998651072,-0.08749998875000121,1386,-125
1778094705.238318,1,0.5461132981224648,-0.20833329340278572,1398,-299
1778094705.278741,1,0.5736287664039575,-0.12499982812511329,1468,-179
1778094705.3195388,1,0.5526341470521576,0.2916666215277798,1414,419
1778094705.360429,1,0.5919728000914862,0.041666715277730304,1515,60
1778094705.400935,1,0.5647095863205127,-1999999.5625001094,1445,-2879999370
1778094705.4421592,1,0.5247140438705133,-1624999.5625002189,1343,-2339999370
1778094705.483435,1,0.537990187460452,-1999999.6250001874,1377,-2879999460
1778094705.524789,1,0.502310916608423,-0.9999990000010001,1285,-1439
1778094705.5670002,1,0.551702096685076,0.2500006666656944,1412,360
1778094705.607817,1,0.5941971286017502,-499998.6250006875,1521,-719998020
1778094705.648918,1,0.5016606202225949,-0.8749984375019064,1284,-1259
1778094705.6882071,1,0.5155632327127718,-2.874996625003625,1319,-4139
1778094705.72843,1,0.5100267298421163,-3.4999959375042033,1305,-5039
1778094705.769517,1,0.5122847219008991,-0.46874985156254345,1311,-674
1778094705.810632,1,0.46082088864446447,-1.7499989375005687,1179,-2519
1778094705.8934112,1,0.5003342166232653,-0.28124991093752594,1280,-404
1778094705.933936,1,0.5154059169099983,-0.46874983072922627,1319,-674
1778094706.015813,1,0.5260653173167026,-0.29166656944447683,1346,-419
1778094706.0571651,1,0.4944029776954779,-0.12142853693878389,1265,-174
1778094706.0978858,1,0.5060908614305824,-0.33055546104940475,1295,-475
1778094706.13889,1,0.576893929906369,-0.08611107043210947,1476,-123
1778094706.181927,1,0.6126218746334614,-0.07499996625000907,1568,-107
1778094706.221091,1,0.485866116888242,0.1284722092496155,1243,184
1778094706.2630908,1,0.5061182977774428,0.031249996093750492,1295,44
1778094706.304851,1,0.4944852868458045,0.14285712244898252,1265,205
1778094706.3458052,1,0.4733044269598117,0.1093749863281267,1211,157
1778094706.387578,1,0.5117153126192784,-0.058333284629643434,1309,-83
1778094706.428282,1,0.5238413463804054,-0.1062499529687626,1341,-152
1778094706.469185,1,0.44657976212306405,-0.09374997265625601,1143,-134
1778094706.5098162,1,0.47728269730944595,-0.04687497851563027,1221,-67
1778094706.551156,1,0.43931236104780513,-0.22777770135804337,1124,-327
1778094706.591646,1,0.45612844207031145,-0.8888884938273031,1167,-1279
1778094706.679571,1,0.4534679478779251,-0.7968746399740899,1160,-1147
1778094706.715679,1,0.4372701649429498,-0.2861110193210098,1119,-411
1778094706.75474,1,0.4909153804869124,-0.24444435728397224,1256,-351
1778094706.7941492,1,0.45252556908120145,-0.18055550308643092,1158,-259
1778094706.841662,1,0.5167910366842783,-0.03124997526042317,1322,-44
1778094706.88373,1,0.48713234577746567,-0.06249997135417368,1247,-89
1778094706.9183009,1,0.49816175737997404,-0.047619029903632426,1275,-68
1778094706.959959,1,0.48713234577746556,-0.17499993687501614,1247,-251
1778094707.001009,1,0.4701766833628507,-0.2374999290625171,1203,-341
1778094707.043266,1,0.4719315830649188,-0.1874999479166774,1208,-269
1778094707.08245,1,0.45578178614320275,-0.2541666009722354,1166,-365
1778094707.122794,1,0.47562876610892235,-0.5249998575000322,1217,-755
1778094707.170209,1,0.5049295700814748,-0.49999986000003194,1292,-719
1778094707.211898,1,0.4942655863296884,-0.8020830749422005,1265,-1154
1778094707.2481658,1,0.48035713599489815,-0.7812497390625717,1229,-1124
1778094707.287189,1,0.4894366128248364,-0.7999997325000735,1252,-1151
1778094707.327244,1,0.4643374676670997,-1.4027771959878605,1188,-2019
1778094707.411679,1,0.48749999303571434,-1.3472216558643992,1247,-1939
1778094707.456498,1,0.49642856433673477,-1.4874993845835505,1270,-2141
1778094707.494064,1,0.48928570729591847,-1.5833326888891153,1252,-2279
1778094707.577089,1,0.4459033553498607,-1.5124993820835506,1141,-2177
1778094707.61989,1,0.466019662261546,-2.585225784866464,1193,-3722
1778094707.6587489,1,0.4250465977202823,-1.3958327659724215,1088,-2009
1778094707.7073421,1,0.45519957369904585,-1.4874993845835505,1165,-2141
1778094707.742441,1,0.47142856487503715,-2.512498548750745,1206,-3617
1778094707.784776,1,0.45970824319539993,-2.5965894201970428,1176,-3739
1778094707.8244748,1,0.48035713599489804,-2.534089451447027,1229,-3649
1778094707.867626,1,0.46959109078195405,-2.5499985450007454,1202,-3671
1778094707.908459,1,0.46851105997282494,-1.4318175971076426,1199,-2061
1778094707.945825,1,0.46428570783422085,-2.5965894201970428,1188,-3739
1778094707.988288,1,0.4839285645153063,-1.5555549197533112,1238,-2239
1778094708.0326872,1,0.46851105997282494,-1.345832770972421,1199,-1937
1778094708.070933,1,0.4839285645153062,-1.49242363200205,1238,-2149
1778094708.1070871,1,0.4821428502551022,-1.5374993795835508,1234,-2213
1778094708.15056,1,0.49605130058989266,-1.5340902847798326,1269,-2209
1778094708.2308638,1,0.4631790680969319,-1.4958327268057685,1185,-2153
1778094708.271719,1,0.4624741136575773,-1.541666036111333,1183,-2219
1778094708.313625,1,0.46322936990637,-2.6749984575007915,1185,-3851
1778094708.354228,1,0.45960763957652373,-1.5568175554409898,1176,-2241
1778094708.397019,1,0.4910714215561227,-2.585225784866464,1257,-3722
1778094708.4383712,1,0.4558328169643612,-1.3787873089992815,1166,-1985
1778094708.519582,1,0.4530987333975578,-1.3874994237502034,1159,-1997
1778094708.561035,1,0.45965794138596183,-2.6874984562507915,1176,-3869
1778094708.610145,1,0.47565391701364135,-2.4999985500007447,1217,-3599
1778094708.6454542,1,0.48928570729591847,-1.3472216651236544,1252,-1939
1778094708.6855218,1,0.48749999303571434,-1.4416660752779857,1247,-2075
1778094708.723249,1,0.4352355017374786,-1.3958327659724215,1114,-2009
1778094708.7640011,1,0.4587474056385322,-1.4083327647224215,1174,-2027
1778094708.805404,1,0.4839285645153063,-1.3999994225002035,1238,-2015
1778094708.845394,1,0.4659420225122274,-1.2166661561112915,1192,-1751
1778094708.890442,1,0.4857142787755102,-1.4083327647224215,1243,-2027
1778094708.933475,1,0.4695652108655145,-1.366666111944639,1202,-1967
1778094708.968575,1,0.4767857074744899,-1.277777246913769,1220,-1839
1778094709.0116851,1,0.44548318729481506,-1.3249994591668568,1140,-1907
1778094709.0532238,1,0.476708067906331,-0.8194441797840233,1220,-1179
1778094709.092437,1,0.4538681303242421,-1.3499994566668572,1161,-1943
1778094709.136194,1,0.47129916529283966,-1.2361106033952414,1206,-1779
1778094709.1750689,1,0.4892857072959186,-1.3916661094446394,1252,-2003
1778094709.218796,1,0.44858644025778693,-1.2083328379631384,1148,-1739
1778094709.254381,1,0.47135092512571874,-1.2083328430557276,1206,-1739
1778094709.2977521,1,0.45283612836315423,-1.2222217253088175,1159,-1759
1778094709.337041,1,0.45215859778991563,-1.2222217345680726,1157,-1759
1778094709.377953,1,0.4785714217346939,-0.7562497509375682,1225,-1088
1778094709.418592,1,0.4649144805476979,-0.7249997587500662,1190,-1043
1778094709.459857,1,0.46846075816338684,-0.7847219701003778,1199,-1129
1778094709.504608,1,0.44687690772346045,-0.7708330827546988,1144,-1109
1778094709.543643,1,0.4649144805476979,-0.7874997431250702,1190,-1133
1778094709.5838661,1,0.439885685122679,-0.8055552924383441,1126,-1159
1778094709.6243489,1,0.4632042190016509,-0.8680552768133479,1185,-1249
1778094709.66464,1,0.4702716233283101,-1.2916661250001926,1203,-1859
1778094709.754163,1,0.49605130058989266,-2.3055542299389535,1269,-3319
1778094709.788386,1,0.48035713599489804,-1.2416661536112918,1229,-1787
1778094709.830487,1,0.4703722269471864,-2.3593736269538352,1204,-3397
1778094709.874208,1,0.4702716233283101,-1.3333327870372302,1203,-1919
1778094709.9139268,1,0.46788301627106843,-2.312498668750683,1197,-3329
1778094709.9941928,1,0.4487905635424211,-1.194443941358204,1148,-1719
1778094710.037338,1,0.4624223538246982,-1.4166660833335398,1183,-2039
1778094710.0755131,1,0.4505511268979062,-1.3472216743829093,1153,-1939
1778094710.114905,1,0.4505511268979062,-1.402777214506371,1153,-2019
1778094710.158728,1,0.44526943683145104,-0.7430553080633403,1139,-1069
1778094710.199312,1,0.4578470762210386,-1.291666134259448,1172,-1859
1778094710.238807,1,0.4767857074744899,-1.1805550540125247,1220,-1699
1778094710.279762,1,0.4569875712947675,-1.277777246913769,1169,-1839
1778094710.32674,1,0.44169727929932256,-1.1388884012347424,1130,-1639
1778094710.3628988,1,0.4390534326525627,-1.1249995231483183,1123,-1619
1778094710.40836,1,0.44364495202773035,-0.7534719779128758,1135,-1084
1778094710.451255,1,0.452107566968757,-0.5833331296296869,1157,-839
1778094710.486559,1,0.4742913402913652,-0.562499800781307,1214,-809
1778094710.5273721,1,0.4480315751282079,-1.035713828231461,1146,-1491
1778094710.567389,1,0.4479166603387391,2499995.5000045,1146,3599993520
1778094710.6084118,1,0.47014924671419034,-0.5937494453128418,1203,-854
1778094710.65115,1,0.3707270058199845,-0.6249998125000521,949,-899
1778094710.691972,1,0.3732142817219388,-0.8749989166677847,955,-1259
1778094710.775512,1,0.36004273158101396,0.4999996111114877,921,719
1778094710.815459,1,0.3495792392660402,-0.006250028437486899,894,-9
1778094710.8570828,1,0.37318840176883605,-0.23333327277779226,955,-335
1778094710.898575,1,0.39521059322622065,-1.0476186201815594,1011,-1508
1778094710.937737,1,0.3964285668367348,-1.953123865234962,1014,-2812
1778094710.9816582,1,0.37871072182997656,-1.8035704119903206,969,-2597
1778094711.01794,1,0.41922748123470666,-3.93749569792103,1073,-5669
1778094711.104943,1,0.410395932256419,-1.9999988593755877,1050,-2879
1778094711.142344,1,0.4254737962623212,-3.9107101913306517,1089,-5631
1778094711.22663,1,0.46076680053344143,-0.7738092386622304,1179,-1114
1778094711.266922,1,0.45015755698597837,-1.6785705191331177,1152,-2417
1778094711.3061602,1,0.45611615213999634,-0.9635413031685292,1167,-1387
1778094711.349459,1,0.46767997577111575,-1.9642846301025974,1197,-2828
1778094711.388835,1,0.4816176399762111,-4.249995535718781,1232,-6119
1778094711.431752,1,0.4269598099989954,-1.8749989453130418,1093,-2699
1778094711.469217,1,0.43058299835228253,-1.749999031250496,1102,-2519
1778094711.514216,1,0.44525585778250476,-4.53124516797362,1139,-6524
1778094711.554104,1,0.3463541636058667,-1.9843738613287125,886,-2857
1778094711.5931678,1,0.3540933064364886,-1.0937495507814103,906,-1574
1778094711.6337988,1,0.40055483960178984,-2.0624988281256034,1025,-2969
1778094711.675342,1,0.3179563468255937,-1.6964276147964121,813,-2442
1778094711.717775,1,0.3502670906278651,-0.8392853801021598,896,-1208
1778094711.757688,1,0.3404761872373394,-0.863094916383332,871,-1242
1778094711.797128,1,0.32654258609843345,-0.3749998867187807,835,-539
1778094711.839614,1,0.3662008242550012,-0.33482133721303414,937,-482
1778094711.8801658,1,0.3988095189419709,-0.7499997500000833,1020,-1079
1778094711.9208078,1,0.3608862562965567,-0.35937490039065106,923,-517
1778094711.96118,1,0.3575594154884417,-0.3562499084375234,915,-512
1778094712.0029151,1,0.40632663933717494,-0.5583331438889526,1040,-803
1778094712.087353,1,0.45895521762537106,-0.5416664861111713,1174,-779
1778094712.1267269,1,0.41527312750354517,-0.4916664961111693,1063,-707
1778094712.166955,1,0.41038960534350943,-0.9062495546877206,1050,-1304
1778094712.207668,1,0.3462257888995419,-0.43333318555560546,886,-623
1778094712.249315,1,0.3872705888164596,-0.33124991968751955,991,-476
1778094712.288477,1,0.3878040928554929,-0.5583331438889526,992,-803
1778094712.32941,1,0.39457959425791633,-0.5583331438889526,1010,-803
1778094712.371605,1,0.40274724805035633,-0.41666652777782404,1031,-599
1778094712.411843,1,0.3346354137347185,-0.5208331493056186,856,-749
1778094712.4556448,1,0.41164993915025805,-0.8999995575002198,1053,-1295
1778094712.497729,1,0.3954545406316411,-0.5583331438889526,1012,-803
1778094712.536893,1,0.380094959384761,-0.5333331488889517,973,-767
1778094712.577495,1,0.40146099996812745,-0.4916664961111693,1027,-707
1778094712.6214862,1,0.42430703078250254,-0.8249995725002167,1086,-1187
1778094712.659777,1,0.3687973958490909,-0.4999998194445069,944,-719
1778094712.739209,1,0.40795454045306967,-0.9499995475002218,1044,-1367
1778094712.7831638,1,0.44205601822526097,-0.9749995425002227,1131,-1403
1778094712.822936,1,0.4241471160750202,-0.9249995525002207,1085,-1331
1778094712.8641942,1,0.41026381674555246,-0.9499995475002218,1050,-1367
1778094712.903465,1,0.4063852764029443,-0.43749985763893573,1040,-629
1778094712.945806,1,0.39299450094961363,-0.38749991312501975,1006,-557
1778094712.988318,1,0.4100649300283916,-0.5357141139456345,1049,-771
1778094713.028325,1,0.3900588722819678,-0.2166666247222304,998,-311
1778094713.068375,1,0.36266740686999266,-0.4999998333333889,928,-719
1778094713.108217,1,0.36775361899088965,-0.32291658940974094,941,-464
1778094713.152527,1,0.36775361899088965,-0.3624999118750215,941,-521
1778094713.190895,1,0.3695652131675331,-0.33333325694446236,946,-479
1778094713.231966,1,0.36093857450106004,-0.5833330694445718,924,-839
1778094713.274442,1,0.3738328621680427,-1.6999984600015081,957,-2447
1778094713.3225799,1,0.4353516445552308,-0.8999997200000893,1114,-1295
1778094713.3543198,1,0.457142850612245,-0.33928564438776937,1170,-488
1778094713.4011111,1,0.3873570215267599,-0.30312493585938827,991,-436
1778094713.43932,1,0.3908292437007568,-0.26249994281251204,1000,-377
1778094713.4816582,1,0.43786764119207244,-0.2666666059259389,1120,-383
1778094713.52263,1,0.3739177444041528,-0.33611103154322713,957,-483
1778094713.565825,1,0.37173202174377384,-0.48749989781252107,951,-701
1778094713.6075761,1,0.35860696621906074,-0.4124999087500191,918,-593
1778094713.650859,1,0.4108718432614884,-0.2135416278211874,1051,-307
1778094713.687208,1,0.3776277020206805,-0.3388888112345845,966,-487
1778094713.727469,1,0.39876760059989713,-0.2999999250000165,1020,-431
1778094713.76806,1,0.40344967830517353,-0.25946964339417883,1032,-373
1778094713.80751,1,0.3959558770972874,-0.5468748457031658,1013,-787
1778094713.848854,1,0.37459149883725273,-0.38888880123458647,958,-559
1778094713.8904488,1,0.36928104139617113,-0.46249989125002333,945,-665
1778094713.930988,1,0.38296702855482434,-1.1666660023151558,980,-1679
1778094713.9748611,1,0.42126532361771374,-1.2343743066409811,1078,-1777
1778094714.016542,1,0.4059669336235049,-1.16071362882687,1039,-1671
1778094714.056368,1,0.3750557995240006,-2.482140252553643,960,-3574
1778094714.095149,1,0.3727678531359616,-1.3571421275513924,954,-1954
1778094714.135848,1,0.38705308355596546,-0.5357140901361219,990,-771
1778094714.2178009,1,0.35947801793306977,-0.7083329652779641,920,-1019
1778094714.304159,1,0.39253065293219447,-0.8749995625002187,1004,-1259
1778094714.381386,1,0.4184523758042158,-0.11428568938776038,1071,-164
1778094714.4220312,1,0.409948491970172,-0.4196427503189045,1049,-604
1778094714.460808,1,0.39730046491033644,-0.38541657378474486,1017,-554
1778094714.5034099,1,0.4981883985769797,-0.4895832178819722,1275,-704
1778094714.54425,1,0.48321610572237694,-0.5812498634375324,1237,-836
1778094714.6265988,1,0.4387351721334545,-0.3184523270266531,1123,-458
1778094714.670088,1,0.42424241900498494,-0.49999987500003124,1086,-719
1778094714.708847,1,0.43138527604580146,-0.48214273469390845,1104,-694
1778094714.750793,1,0.46290106313419277,-0.7499997500000833,1185,-1079
1778094714.790581,1,0.44187801375205316,-249999.875000025,1131,-359999820
1778094714.875247,1,0.4591592007076276,0.15624994010418858,1175,224
1778094714.914274,1,0.3807173764172984,-3749999.937500016,974,-5399999910
1778094714.9560032,1,0.40438311193266163,-4249999.775000045,1035,-6119999676
1778094714.9966872,1,0.42937485898875594,-1.7999990025005181,1099,-2591
1778094715.036969,1,0.4331062022166463,-1.8541656284727597,1108,-2669
1778094715.0778959,1,0.40850325339006754,-1.095237668934391,1045,-1577
1778094715.1182039,1,0.38430735465025967,-0.904761545351602,983,-1302
1778094715.1593401,1,0.34284940056825175,-1.8472211905869473,877,-2659
1778094715.199541,1,0.3948560717280848,-1.0555551327161983,1010,-1519
1778094715.240855,1,0.38406182881311923,-1.166666199652943,983,-1679
1778094715.28118,1,0.3950159864355671,-1.2916661620372134,1011,-1859
1778094715.32204,1,0.38498528021800105,-1.291666152777958,985,-1859
1778094715.366102,1,0.34209162146543615,-2.099998815000606,875,-3023
1778094715.4088771,1,0.33354673131222734,-1.1527773163581871,853,-1659
1778094715.449429,1,0.34992530555062595,-0.5166665337037335,895,-743
1778094715.489471,1,0.34098911276344257,-0.36805547646606446,872,-529
1778094715.530925,1,0.3663285640785491,-0.5166665337037335,937,-743
1778094715.5704,1,0.3445102394744126,-0.5305554210494128,881,-763
1778094715.611373,1,0.4012507834512071,-0.9843745904949384,1027,-1417
1778094715.651299,1,0.4112637314515156,-0.6160712401148479,1052,-887
1778094715.6932852,1,0.4148351599719239,-0.578124818359425,1061,-832
1778094715.734834,1,0.4566098021736581,-0.5624998203125497,1168,-809
1778094715.774749,1,0.4533102707352026,-0.6145831391782938,1160,-884
1778094715.816351,1,0.46277996756141937,-0.9305551836421061,1184,-1339
1778094715.856242,1,0.44231601181710445,-0.5416664849537542,1132,-779
1778094715.94084,1,0.46391257392195684,-0.3666665637037276,1187,-527
1778094715.980928,1,0.4386363581916568,-0.374999891666692,1122,-539
1778094716.0198731,1,0.41584966817933955,-0.690971993537872,1064,-994
1778094716.06433,1,0.39850227570132335,-1.0104162452258454,1020,-1454
1778094716.103631,1,0.40597300100882483,-0.5937497994792226,1039,-854
1778094716.1878688,1,0.45220587628058573,-0.6718747871094337,1157,-967
1778094716.228744,1,0.4417201683359355,-0.527777597608075,1130,-759
1778094716.2686021,1,0.4326759006073351,-0.6666664537037621,1107,-959
1778094716.308364,1,0.41875130874759703,-0.36111100432101284,1072,-519
1778094716.348143,1,0.3846699554426206,-0.6180553566744373,984,-889
1778094716.3886988,1,0.42872898586352925,-1.0749995716668166,1097,-1547
1778094716.431781,1,0.3692993325129337,-0.9791662673612513,945,-1409
1778094716.471178,1,0.41476801462246193,-0.8901511412994888,1061,-1281
1778094716.513064,1,0.3862203022811852,-0.5749998112500516,988,-827
1778094716.5553641,1,0.3797159990349246,-0.5694442596451126,972,-819
1778094716.594191,1,0.3923611064275828,-0.6562497890625574,1004,-944
1778094716.636202,1,0.32875630981831405,-0.37499989250002475,841,-539
1778094716.6761112,1,0.34530472258553957,-0.4272726120661414,883,-615
1778094716.717643,1,0.3344919205522655,-0.3499998975000237,856,-503
1778094716.75935,1,0.36062644097825336,-0.3444443483950839,923,-495
1778094716.799426,1,0.34556384363943304,-0.6505679685563596,884,-936
1778094716.841106,1,0.35450352012831876,-0.8888885308643236,907,-1279
1778094716.8821492,1,0.39404609021888304,-0.9444440432100198,1008,-1359
1778094716.923531,1,0.3694760061841985,-0.944444052469275,945,-1359
1778094716.964202,1,0.3780412963247225,-1.0999995400001628,967,-1583
1778094717.004224,1,0.41217319764517,-1.133332879722381,1055,-1631
1778094717.0453818,1,0.3780412963247225,-1.0833328888890463,967,-1559
1778094717.086966,1,0.35430021022134006,-0.8020829813369335,907,-1154
1778094717.127657,1,0.332899302674847,-0.7968746660157446,852,-1147
1778094717.167526,1,0.33680555261381184,-0.8541663168404023,862,-1229
1778094717.2085938,1,0.34859154592652764,-1.4999991160718895,892,-2159
1778094717.249769,1,0.3439526014778338,-1.5624990781254784,880,-2249
1778094717.289602,1,0.3912087866894096,-3.6874960390664953,1001,-5309
1778094717.3320131,1,0.3967032921033088,-1.580356225128028,1015,-2275
1778094717.373277,1,0.3950549404763919,-3.5535675994936646,1011,-5117
1778094717.41288,1,0.36266740686999266,-1.2847214718368067,928,-1849
1778094717.454684,1,0.3725274682876466,-1.4374991640629324,953,-2069
1778094717.495618,1,0.32478202274294854,-3.8928529438817936,831,-5605
1778094717.536947,1,0.3885730164283646,-0.8541663168404023,994,-1229
1778094717.577525,1,0.3568080319615454,-1.4374991640629324,913,-2069
1778094717.6199481,1,0.375839649271031,-1.6160705057402738,962,-2327
1778094717.660508,1,0.3735915453015276,-3.6874960390664953,956,-5309
1778094717.700635,1,0.38901098452934424,-3.714281755106035,995,-5348
1778094717.741925,1,0.39313186358290075,-1.4374991640629324,1006,-2069
1778094717.783894,1,0.35758692431795014,-1.4642848801024724,915,-2108
1778094717.825409,1,0.3362396572644504,-1.3214278022963184,860,-1902
1778094717.865182,1,0.3556337993484677,-1.5535705369902582,910,-2237
1778094717.908799,1,0.3703296661275812,-1.3124992500003867,948,-1889
1778094718.0356429,1,0.34330356788444694,-1.4843741582035581,878,-2137
1778094718.07318,1,0.3349206317642983,-1.5178563010208408,857,-2185
1778094718.15914,1,0.354854906992063,-1.291665951389258,908,-1859
1778094718.197122,1,0.3507812463438198,-1.2857135663269013,897,-1851
1778094718.237291,1,0.3489955320836158,-1.16071362882687,893,-1671
1778094718.2759628,1,0.3759615341747675,-1.16071362882687,962,-1671
1778094718.317467,1,0.35546874600263956,-1.3124992812503697,909,-1889
1778094718.358088,1,0.35756340176496093,-1.3392849872452697,915,-1928
1778094718.3995469,1,0.3319196394861088,-1.303570706633024,849,-1877
1778094718.44018,1,0.35756340176496093,-1.1696422213013455,915,-1684
1778094718.481672,1,0.35357142461930935,-1.312499273437872,905,-1889
1778094718.5223339,1,0.3694754424922524,-1.1999993475003368,945,-1727
1778094718.606257,1,0.39673912606520245,-1.187499368750323,1015,-1709
1778094718.6454248,1,0.37301586927752584,-0.5583331272222949,954,-803
1778094718.686839,1,0.39988838845757935,-0.4416664894445095,1023,-635
1778094718.727422,1,0.4190934016587672,-0.9624994512502878,1072,-1385
1778094718.810001,1,0.4318181764659583,-0.9999994531252852,1105,-1439
1778094718.8509738,1,0.43146599237648964,-2.6874971718778635,1104,-3869
1778094718.8938181,1,0.39453124567696707,-0.9874994462502888,1009,-1421
1778094718.9324338,1,0.39453124567696707,-1.087499388750319,1009,-1565
1778094718.974123,1,0.4312959504409316,-1.1249993625003336,1104,-1619
1778094719.101853,1,0.3667748643233699,-1.1666660138892269,938,-1679
1778094719.137214,1,0.36658230270937264,-1.0416660763891956,938,-1499
1778094719.179887,1,0.3742063454604436,-1.274999295000366,957,-1835
1778094719.220602,1,0.3897879421916106,-2.674997165002867,997,-3851
1778094719.263519,1,0.3704365042476063,-2.8749969166697853,948,-4139
1778094719.300354,1,0.36646825034234065,-1.274999295000366,938,-1835
1778094719.3405252,1,0.37048855264833747,-1.229165961805923,948,-1769
1778094719.383274,1,0.38621651367120235,-1.2916659305559386,988,-1859
1778094719.4229069,1,0.3858816922526458,-0.7916663680556608,987,-1139
1778094719.462613,1,0.3700396788627489,-1.3541658993059542,947,-1949
1778094719.5052102,1,0.37176338888029137,-1.5178563010208408,951,-2185
1778094719.546252,1,0.29166666416288756,-4.17856697449429,746,-6017
1778094719.5891001,1,0.3792819450860644,-0.6249998125000507,970,-899
1778094719.627456,1,0.3114397290774724,-0.916666305555682,797,-1319
1778094719.668522,1,0.37162384243649116,-0.9722218456791436,951,-1399
1778094719.7092931,1,0.3405219742647325,-0.9583329618056858,871,-1379
1778094719.792269,1,0.32505416791281316,-0.9635413031685292,832,-1387
1778094719.833832,1,0.346016479678632,-0.6249998090278293,885,-899
1778094719.8724349,1,0.3387362600045285,-0.6527775837191876,867,-939
1778094719.913922,1,0.31696428256736286,-1.0937495768230652,811,-1574
1778094719.95538,1,0.35211038544112283,-0.9999996145834681,901,-1439
1778094719.996906,1,0.3405219742647325,-0.9583329618056858,871,-1379
1778094720.037657,1,0.3368131831110375,-0.9999996145834681,862,-1439
1778094720.0785952,1,0.3228060639433099,-0.9999996145834681,826,-1439
1778094720.118291,1,0.3383241721046675,-0.5624998281250468,866,-809
1778094720.160624,1,0.3385988973712415,-1.0416662673612507,866,-1499
1778094720.201091,1,0.3368131831110375,-1.6111102029325641,862,-2319
1778094720.242205,1,0.3170368332628364,-1.013888489197671,811,-1459
1778094720.282975,1,0.33829491733964934,-0.9722218364198884,866,-1399
1778094720.323887,1,0.3651300858173525,-0.9999996083334696,934,-1439
1778094720.365261,1,0.3229166634443392,-0.8888885308643236,826,-1279
1778094720.4059432,1,0.37282239339131706,-0.9444440802470404,954,-1359
1778094720.447894,1,0.4141225630193801,-0.10833326722225026,1060,-155
1778094720.4886389,1,0.3863740761428358,-0.395833107639011,989,-569
1778094720.529245,1,0.4239447238428733,-3.199996660003368,1085,-4607
1778094720.570333,1,0.35198412356827924,-1.374999237500396,901,-1979
1778094720.611795,1,0.3399843475725681,-1.3958325381948582,870,-2009
1778094720.653106,1,0.37232573788888934,-1.3749992083337466,953,-1979
1778094720.693493,1,0.3501984093080752,-1.479165857639305,896,-2129
1778094720.734304,1,0.36147147844138283,-2.824997035002993,925,-4067
1778094720.774722,1,0.3900588722819678,-1.299999290000367,998,-1871
1778094720.8167691,1,0.3754313279142085,-2.7999970400029923,961,-4031
1778094720.8643148,1,0.3819013071000752,-2.7999970400029923,977,-4031
1778094720.903481,1,0.3719806723369108,-1.274999295000366,952,-1835
1778094720.9412858,1,0.3757763934661871,-2.8499970300029944,961,-4103
1778094720.9815319,1,0.36147147844138283,-1.2249993425003376,925,-1763
1778094721.022496,1,0.3819013071000752,-1.0624994062503073,977,-1529
1778094721.0644321,1,0.36170634563901505,-1.212499363750324,925,-1745
1778094721.107125,1,0.37232573788888934,-3249999.875000025,953,-4679999820
1778094721.1449358,1,0.35198412356827924,-2999999.85000003,901,-4319999784
1778094721.186368,1,0.4064797743496482,-2.8499970300029944,1040,-4103
1778094721.227992,1,0.3926528898955346,-2.8499970300029944,1005,-4103
1778094721.2682502,1,0.3900588722819678,-2.8499970300029944,998,-4103
1778094721.308939,1,0.3936820606352549,-2999999.85000003,1007,-4319999784
1778094721.393677,1,0.36999654538427795,-2.824997035002993,947,-4067
1778094721.43224,1,0.3991168431651855,-2.8499970300029944,1021,-4103
1778094721.56614,1,0.36785713894132654,-0.7023806774377391,941,-1011
1778094721.644001,1,0.3882472781053241,-0.785713982993304,993,-1131
1778094721.681014,1,0.41331168323368195,-0.7499997083334375,1058,-1079
1778094721.7187,1,0.41331168323368195,-0.8124996909723315,1058,-1169
1778094721.760014,1,0.4146042312024598,-0.7916663680556608,1061,-1139
1778094721.8019998,1,0.38736263290242734,-0.6666664027778726,991,-959
1778094721.844544,1,0.4092809313893767,-0.7166664011112049,1047,-1031
1778094721.884992,1,0.41141774386843855,-0.6845235371316163,1053,-985
1778094721.9241269,1,0.3862405158659349,-0.41964272353320076,988,-604
1778094721.9635,1,0.39730046491033644,-0.5572914320747371,1017,-802
1778094722.0051699,1,0.4012217196505813,-0.5833330972223079,1027,-839
1778094722.047789,1,0.3444010386092575,-0.34374988281253316,881,-494
1778094722.142256,1,0.3631677314628249,-0.7440473302155215,929,-1071
1778094722.2114718,1,0.40027472062371705,-0.645833072916761,1024,-929
1778094722.253726,1,0.3967032921033088,-0.7499996944445555,1015,-1079
1778094722.296952,1,0.4052118121686993,-0.8333330079366232,1037,-1199
1778094722.336416,1,0.3928571383163265,-0.4330355754145799,1005,-623
1778094722.377292,1,0.3618055519888118,-0.43749985156254195,926,-629
1778094722.417669,1,0.39478021520981765,-0.4642855676020819,1010,-668
1778094722.4581592,1,0.37551462219501874,-0.7142854217688128,961,-1028
1778094722.4972212,1,0.4097402547132739,-0.4642855676020819,1048,-668
1778094722.538152,1,0.380208329262679,-0.43749985156254195,973,-629
1778094722.579731,1,0.39201877484388126,-0.8124996640626199,1003,-1169
1778094722.621151,1,0.3735915453015276,-0.8124996640626199,956,-1169
1778094722.663347,1,0.3678223146210543,-0.7976187273243776,941,-1148
1778094722.747723,1,0.35082798804734316,-0.7976187273243776,898,-1148
1778094722.8283148,1,0.3975672169298531,-1.499999132812948,1017,-2159
1778094722.869117,1,0.37499999600168366,-0.44097207339896116,959,-634
1778094722.909625,1,0.37183098194604247,-0.786458009331713,951,-1132
1778094722.950668,1,0.39025821148839634,-0.8020830073785882,999,-1154
1778094722.990979,1,0.37847221817568055,-0.8177080054254634,968,-1177
1778094723.031799,1,0.39201877484388126,-0.8333330034723386,1003,-1199
1778094723.072543,1,0.3678223146210543,-1.5624991015629637,941,-2249
1778094723.112842,1,0.36379418808846853,-0.4999998359375459,931,-719
1778094723.1514509,1,0.3656881274537118,-0.46874984375004386,936,-674
1778094723.195177,1,0.36742423854071027,-0.7968746660157446,940,-1147
1778094723.236128,1,0.3542963850929435,-0.7777774506174004,906,-1119
1778094723.276636,1,0.3505085063624568,-0.7708330112848376,897,-1109
1778094723.318162,1,0.35276566697085343,-1.3437492226566516,903,-1934
1778094723.357864,1,0.3656881274537118,-0.7499996759260421,936,-1079
1778094723.3985431,1,0.38010468061576486,-0.8020830073785882,973,-1154
1778094723.440958,1,0.36379418808846853,-0.8177080054254634,931,-1177
1778094723.481456,1,0.3652146426189772,-0.833332990740862,934,-1199
1778094723.522712,1,0.33563033870590675,-0.44097207339896116,859,-634
1778094723.563721,1,0.37424854472003577,-0.462499841250044,958,-665
1778094723.605484,1,0.3761142163339809,-0.2374999262500173,962,-341
1778094723.64558,1,0.36140359466949423,-0.2374999262500173,925,-341
1778094723.685654,1,0.38245366210697684,-0.4801134783703941,979,-691
1778094723.728131,1,0.3614267638884905,-0.462499841250044,925,-665
1778094723.768707,1,0.36140359466949423,-0.462499841250044,925,-665
1778094723.810775,1,0.33932648079257344,-0.431249849062542,868,-620
1778094723.8515599,1,0.3797159990349246,-0.45312484960941724,972,-652
1778094723.891459,1,0.38717868549070533,-0.36249987000003636,991,-521
1778094723.931063,1,0.35069444081001,-0.5187498309375461,897,-746
1778094723.974455,1,0.3727715546869308,-0.2333332607407581,954,-335
1778094724.013789,1,0.36140359466949423,-0.5499998231250481,925,-791
1778094724.056215,1,0.359537923055549,-0.5187498309375461,920,-746
1778094724.0967748,1,0.37785032742097935,-0.2374999262500173,967,-341
1778094724.137287,1,0.38104372047319024,-0.4874998387500442,975,-701
1778094724.17869,1,0.3637430603749895,-0.4999998375000444,931,-719
1778094724.2190778,1,0.34169822881852774,-0.4999998375000444,874,-719
1778094724.259464,1,0.326575851657929,-0.3249999075000213,836,-467
1778094724.302806,1,0.3488005014447666,-0.47499984000004414,892,-683
1778094724.3439639,1,0.33247716581790654,-0.5511361842717428,851,-793
1778094724.385389,1,0.3469065620795233,-0.2624999237500176,888,-377
1778094724.42565,1,0.32483974057093057,-0.5187498309375461,831,-746
1778094724.4664161,1,0.3268147312682983,-0.5749998206250484,836,-827
1778094724.506401,1,0.3306608850552806,-0.5624998218750483,846,-809
1778094724.548535,1,0.3152243561034749,-0.5624998218750483,806,-809
1778094724.589098,1,0.3301339252259048,-0.4999998375000444,845,-719
1778094724.630672,1,0.3152243561034749,-0.5138887276235007,806,-739
1778094724.671916,1,0.353446432261596,-0.4374998559028176,904,-629
1778094724.756768,1,0.3905632360889246,-0.8333330034723386,999,-1199
1778094724.797324,1,0.3343445253042565,-0.8055552253087589,855,-1159
1778094724.922289,1,0.3303013359351832,-0.5034720577739651,845,-724
1778094725.0060081,1,0.31029929299286874,-0.29999991500001955,794,-431
1778094725.086581,1,0.3615800822673395,-0.8333329972223401,925,-1199
1778094725.126579,1,0.360455034123102,-0.7708330112848376,922,-1109
1778094725.1658602,1,0.37301586927752584,-0.7976187273243776,954,-1148
1778094725.2608619,1,0.40692934304311523,-0.7583330372223296,1041,-1091
1778094725.327957,1,0.40989010509117263,-0.6999997266667657,1049,-1007
1778094725.370697,1,0.3815290137277034,-0.41249988312503194,976,-593
1778094725.413229,1,0.4242196156699154,-0.38749988812503094,1086,-557
1778094725.452588,1,0.4242196156699154,-0.416666539930591,1086,-599
1778094725.492157,1,0.4444993354177842,-1.3333325694448426,1137,-1919
1778094725.53409,1,0.4242196156699154,-0.3958332100694793,1086,-569
1778094725.573588,1,0.3967032921033088,-0.4583331944444832,1015,-659
1778094725.613656,1,0.4024725227837822,-0.4062498723958695,1030,-584
1778094725.6538439,1,0.392243299288928,-0.4062498723958695,1004,-584
1778094725.69688,1,0.4029822830060664,-0.4107141466837134,1031,-591
1778094725.736927,1,0.3967032921033088,-0.7708330243056672,1015,-1109
1778094725.778618,1,0.41482719663615497,-0.4062498723958695,1061,-584
1778094725.8187032,1,0.4184503849894421,-0.43749986458337153,1071,-629
1778094725.860904,1,0.3581349171186068,-0.7999997066667698,916,-1151
1778094725.901545,1,0.4340277725155456,0.6666663472223796,1111,959
1778094725.941483,1,0.41472630222392104,0.6249993750006251,1061,899
1778094726.026124,1,0.3608258890679308,-0.4166665277778241,923,-599
1778094726.065897,1,0.3361111079472159,-0.5166664744445125,860,-743
1778094726.1067772,1,0.38530343758596985,-1.0499994150003045,986,-1511
1778094726.147258,1,0.3476190442781557,-3499999.85000003,889,-5039999784
1778094726.1878421,1,0.3678398856556555,-3624999.812500031,941,-5219999730
1778094726.272672,1,0.32654258609843345,-3.7291627118095483,835,-5369
1778094726.313267,1,0.3340319667146694,-3.74999604167066,855,-5399
1778094726.35198,1,0.33777665702278736,-3.624996166670535,864,-5219
1778094726.3933609,1,0.33601609366730223,-3.7291627118095483,860,-5369
1778094726.434262,1,0.3404947886702927,-3.6749960650039872,871,-5291
1778094726.475451,1,0.35934748767343505,-3.74999604167066,919,-5399
1778094726.5161421,1,0.3211805531063989,-3.8958291423653515,822,-5609
1778094726.5566761,1,0.3246527752803958,-3.714281755106035,831,-5348
1778094726.5982158,1,0.3539682505209121,-4249999.708333382,906,-6119999580
1778094726.6394958,1,0.3285267130510665,-1.6458324131949207,841,-2369
1778094726.6792681,1,0.33485242764432943,-1.9374989140630574,857,-2789
1778094726.720255,1,0.3285267130510665,-1.8214275522964434,841,-2622
1778094726.762264,1,0.3267661496955816,-1.020832927951532,836,-1469
1778094726.8029718,1,0.3090277755249671,-1.6874990625004804,791,-2429
1778094726.8441012,1,0.332899302674847,-1.6964276147964121,852,-2442
1778094726.884032,1,0.3294270805008501,-1.7187490351567454,843,-2474
1778094726.923785,1,0.31349206116150174,-1.5624991015629637,802,-2249
1778094726.9670458,1,0.306774398431487,-1.6607133341841664,785,-2391
1778094727.007162,1,0.3431356804733786,-1.749999031250496,878,-2519
1778094727.050153,1,0.3490918769603447,-1.6785704744902894,893,-2417
1778094727.089741,1,0.3398504241058742,-1.6785704744902894,870,-2417
1778094727.129471,1,0.35101495385383574,-0.9226186856577248,898,-1328
1778094727.170984,1,0.3259548583268532,-1.5624991015629637,834,-2249
1778094727.213326,1,0.3567713938741257,-0.8854163129341529,913,-1274
1778094727.255386,1,0.32787741771821066,-0.916666313492188,839,-1319
1778094727.295027,1,0.313151039070412,-0.9531246204428424,801,-1372
1778094727.335509,1,0.3298305426876931,-0.8854163129341529,844,-1274
1778094727.375306,1,0.3259548583268532,-0.8809520328799423,834,-1268
1778094727.41885,1,0.3248946231379434,-0.8809520328799423,831,-1268
1778094727.458154,1,0.312934025187928,-1.6718740410161197,801,-2407
1778094727.500601,1,0.31684027512689283,-1.6964276147964121,811,-2442
1778094727.540559,1,0.3164062473619249,-0.9166663090279034,809,-1319
1778094727.5806358,1,0.33181423323530046,-1.6785704744902894,849,-2417
1778094727.621618,1,0.31662326124440887,-0.8854163129341529,810,-1274
1778094727.664458,1,0.3064236086320289,-1.0555551419754532,784,-1519
1778094727.705863,1,0.35370878725259647,-1.0624995807293145,905,-1529
1778094727.7463539,1,0.3327464754867777,-1.749999031250496,851,-2519
1778094727.786706,1,0.3181117928707984,-1.9999989062505585,814,-2879
1778094727.828146,1,0.33626760219774776,-1.0555551419754532,860,-1519
1778094727.86956,1,0.35357142461930935,-0.9583329618056858,905,-1379
1778094727.9538739,1,0.3284551025602027,-1.7187490351567454,840,-2474
1778094728.0369458,1,0.3492415998381674,-1.6517847863525192,894,-2378
1778094728.076759,1,0.32592429274872825,-1.7031240371098701,834,-2452
1778094728.117794,1,0.33626760219774776,-0.916666305555682,860,-1319
1778094728.157366,1,0.3241637293932431,-1.8333323032412683,829,-2639
1778094728.196259,1,0.3306608850552806,-1.8281239746099014,846,-2632
1778094728.236758,1,0.3496585535311093,-1.9062489414067922,895,-2744
1778094728.328552,1,0.3496585535311093,-1.0555551419754532,895,-1519
1778094728.364031,1,0.3515524928963527,-1.0416662673612507,899,-1499
1778094728.40329,1,0.33450703884226285,-1.0624995807293145,856,-1529
1778094728.44156,1,0.35547374763659756,-1.020832927951532,910,-1469
1778094728.4832032,1,0.33450703884226285,-1.8124989765630262,856,-2609
1778094728.524632,1,0.32873780816178955,-1.020832927951532,841,-1469
1778094728.567932,1,0.3285752946237832,-1.020832927951532,841,-1469
1778094728.6068962,1,0.33049837151727446,-1.020832927951532,846,-1469
1778094728.6470988,1,0.3324214484107655,-1.0833329201390332,850,-1559
1778094728.689353,1,0.31001602284247953,-1.9583322407412995,793,-2819
1778094728.730133,1,0.35115236486707757,-1.7968740019536362,898,-2587
1778094728.769224,1,0.3774376990885099,-1.5416657847226816,966,-2219
1778094728.8127081,1,0.4051177488664718,-0.8749996666667845,1037,-1259
1778094728.8516579,1,0.39079240644728064,-0.8333330000001202,1000,-1199
1778094728.894233,1,0.3784936141402645,-0.9285710578232614,968,-1337
1778094728.934772,1,0.4278428040232025,-1.4374991919647024,1095,-2069
1778094729.017866,1,0.4157063545237366,-1.4374991640629324,1064,-2069
1778094729.057216,1,0.4021977975172082,-0.7187497018230233,1029,-1034
1778094729.097485,1,0.39045758502872396,-0.8749996527779027,999,-1259
1778094729.140343,1,0.41291208307843275,-0.8392853801021598,1057,-1208
1778094729.181273,1,0.3972914366128635,-0.8333329841271107,1017,-1199
1778094729.265172,1,0.41153845671808953,-0.4330355754145799,1053,-623
1778094729.302301,1,0.39079240644728064,-0.5580355441645877,1000,-803
1778094729.34399,1,0.36363886084039465,-0.8809520328799423,930,-1268
1778094729.386272,1,0.40604395130419046,-1.5208324756948894,1039,-2189
1778094729.428758,1,0.4041208744106993,-0.7760413526476809,1034,-1117
1778094729.5109062,1,0.39744677978138077,-0.8273806357710863,1017,-1191
1778094729.551596,1,0.3993999047508632,-0.7559520745465951,1022,-1088
1778094729.592486,1,0.39862636899679993,-1.4017849113524568,1020,-2018
1778094729.633176,1,0.4038461491441251,-1.499999160714718,1033,-2159
1778094729.673785,1,0.4038461491441251,-1.4999991562504336,1033,-2159
1778094729.714082,1,0.4206709904845769,-1.4999991562504336,1076,-2159
1778094729.752945,1,0.40041208325700417,-0.7552080392796171,1025,-1087
1778094729.7945971,1,0.4021977975172082,-0.7797615870182548,1029,-1122
1778094729.837195,1,0.3753521086570125,-0.9166663090279034,960,-1319
1778094729.878057,1,0.34330985586007245,-1.8472211905869473,878,-2659
1778094729.9191308,1,0.37551462219501874,-0.8958329696181848,961,-1289
1778094729.9591439,1,0.38365384174873196,-0.9226186856577248,982,-1328
1778094729.999733,1,0.38901098452934424,-0.8809520328799423,995,-1268
1778094730.043203,1,0.34071180255277667,-1.4642848801024724,872,-2108
1778094730.081855,1,0.3751895951190065,-1.4642848801024724,960,-2108
1778094730.123204,1,0.36997767462008735,-1.4642848801024724,947,-2108
1778094730.165875,1,0.3806337987234677,-1.4642848801024724,974,-2108
1778094730.204544,1,0.3870879076358532,-1.4999991562504336,990,-2159
1778094730.246361,1,0.37166846840803647,-1.6517847863525192,951,-2378
1778094730.287505,1,0.3678223146210543,-0.8809520328799423,941,-1268
1778094730.3286479,1,0.36189057040257466,-1.7142847551025349,926,-2468
1778094730.369065,1,0.3504540564343578,-0.8888885308643236,897,-1279
1778094730.410141,1,0.3180115557967502,-0.9166663090279034,814,-1319
1778094730.4525921,1,0.34820642269853286,-1.5468741269535737,891,-2227
1778094730.493193,1,0.3595085434823354,-0.8177080054254634,920,-1177
1778094730.533965,1,0.3558493555018458,-1.6249990937504648,910,-2339
1778094730.575093,1,0.371054288992952,-0.8593746582032457,949,-1237
1778094730.616561,1,0.3394362456865748,-1.6093740957035894,868,-2317
1778094730.6559758,1,0.386203580738393,-1.3611103279325016,988,-1959
1778094730.6975832,1,0.360455034123102,-0.8472218780865411,922,-1219
1778094730.7812638,1,0.3845038972076872,-0.694444163580346,984,-999
1778094730.821664,1,0.3562838532601075,-0.765624695963649,912,-1102
1778094730.863285,1,0.3582069301535986,-0.765624695963649,917,-1102
1778094730.9034398,1,0.3294270805008501,-0.8988091731860651,843,-1294
1778094730.944993,1,0.33772391694290815,-0.8333330034723386,864,-1199
1778094730.9855459,1,0.3259548583268532,-0.848958001519214,834,-1222
1778094731.026361,1,0.3259548583268532,-0.8333330034723386,834,-1199
1778094731.06691,1,0.34748103648268225,-0.916666305555682,889,-1319
1778094731.108973,1,0.35357142461930935,-0.52777761496918,905,-759
1778094731.189461,1,0.3660371277695077,-0.9166663090279034,937,-1319
1778094731.2302542,1,0.35934065529978265,-0.9027774182100028,919,-1299
1778094731.2719328,1,0.3612637321932738,-1.722221253086916,924,-2479
1778094731.314694,1,0.35357142461930935,-0.9444440802470404,905,-1359
1778094731.405348,1,0.35178571035910533,-0.9583329618056858,900,-1379
1778094731.441783,1,0.3706168786733992,-1.0555551419754532,948,-1519
1778094731.479448,1,0.35357142461930935,-1.0555551419754532,905,-1519
1778094731.516971,1,0.316736352743308,-1.0555551419754532,810,-1519
1778094731.56061,1,0.2977430531970364,-0.9999996145834681,762,-1439
1778094731.6009102,1,0.33594257512173553,-0.9523805941044335,860,-1371
1778094731.643924,1,0.3327464754867777,-0.9010413109810281,851,-1297
1778094731.682998,1,0.3642765644140228,-0.9583329618056858,932,-1379
1778094731.72364,1,0.3642765644140228,-0.9583329618056858,932,-1379
1778094731.761785,1,0.33626760219774776,-0.9166663090279034,860,-1319
1778094731.803457,1,0.33794642510383466,-1.5803562697708564,865,-2275
1778094731.844409,1,0.36707588893679244,-2.474997305002739,939,-3563
1778094731.884994,1,0.3573153861477729,-0.5749996225002068,914,-827
1778094731.92784,1,0.39966554692192113,-0.6874995937502187,1023,-989
1778094731.967475,1,0.39763098731158253,-0.699999560000238,1017,-1007
1778094732.0085618,1,0.3726222783494648,-0.7624995287502536,953,-1097
1778094732.050411,1,0.3885730164283646,-0.49999964583352774,994,-719
1778094732.0912719,1,0.36071428190051025,-2.218747570314983,923,-3194
1778094732.1316102,1,0.353347132242507,-0.8499994925002702,904,-1223
1778094732.1731808,1,0.37725331658137295,-3.8035674566366495,965,-5477
1778094732.215198,1,0.46928732405764384,-0.7797616108277672,1201,-1122
1778094732.2582028,1,0.45749720715058495,-0.5624998359375439,1171,-809
1778094732.29694,1,0.46986165389079404,-0.24999993125001604,1202,-359
1778094732.3377862,1,0.46417748335971043,-0.37499987500003507,1188,-539
1778094732.379444,1,0.48160534503118924,-0.4285713003826881,1232,-617
1778094732.419123,1,0.4780344144409925,-0.16785709602041943,1223,-241
1778094732.4608781,1,0.5003901830987102,-0.1749999507142976,1280,-251
1778094732.5015922,1,0.48584691431892224,-0.1354166349826453,1243,-194
1778094732.5440798,1,0.48584691431892224,-0.20624994234376356,1243,-296
1778094732.583835,1,0.5215214861736746,-0.34374991953126754,1335,-494
1778094732.625334,1,0.5001672176650152,-0.30357135663266904,1280,-437
1778094732.667823,1,0.46897320885214067,-0.37142848693879393,1200,-534
1778094732.7075741,1,0.4819406643799573,-0.5312498437500419,1233,-764
1778094732.747463,1,0.47348484224408116,-0.34999991571430467,1212,-503
1778094732.790717,1,0.46986165389079404,-0.4218749003906468,1202,-607
1778094732.831727,1,0.45503246184861146,-0.37777768246915705,1164,-543
1778094732.9127228,1,0.506612152542221,-0.35833324685187073,1296,-515
1778094732.99249,1,0.5261193951325464,-0.5535712691326959,1346,-797
1778094733.03506,1,0.4896441637537081,-0.4374998671875361,1253,-629
1778094733.075968,1,0.47245474483337524,-0.10714283588435777,1209,-154
1778094733.158676,1,0.3662981129644275,0.12499993750003124,937,179
1778094733.198117,1,0.46060419881923087,0.6666664444445185,1179,959
1778094733.239682,1,0.40926931854730797,1.5624992187503906,1047,2249
1778094733.281499,1,0.4392222844476178,3624999.250000375,1124,5219998920
1778094733.3645492,1,0.43909001405775494,0.6249999583332639,1124,899
1778094733.4032261,1,0.48731883351711847,-1.6249968750036254,1247,-2339
1778094733.444733,1,0.4720149183281357,-2.8249961350040733,1208,-4067
1778094733.488959,1,0.4423583604592931,-0.8541659201393154,1132,-1229
1778094733.527036,1,0.4593561305293331,-0.5499992525004682,1175,-791
1778094733.611514,1,0.4432026885490149,0.2291668506942528,1134,330
1778094733.6497412,1,0.4427299031867322,-0.3124994218753945,1133,-449
1778094733.689167,1,0.4640269086698261,-2.1249967500035316,1187,-3059
1778094733.730601,1,0.3985800119915792,-3749998.0833339724,1020,-5399997240
1778094733.7726731,1,0.4375266467876011,-1.6666638611142965,1120,-2399
1778094733.8138392,1,0.44184434396957895,-1.7916636527811995,1131,-2579
1778094733.8546078,1,0.4164712100359157,-3.5624950781302624,1066,-5129
1778094733.895933,1,0.32523041205520387,-5249999.166666806,832,-7559998800
1778094733.9363468,1,0.4035117007089033,-0.17916662097223138,1032,-257
